profile,split,degree,selected_degree,profile_reversal_family,compatible_record_triples,coefficient,coefficient_times_q,evidence_status,family,source,perron_sensitivity,perron_contribution
"[1,1,3,5]","[0,0,0,5]",10,5,"[1,1,3,5]","[[1,1,1],[1,1,3]]",0.03125,1.0,provisional_common_1_over_q_target,unresolved_balanced_frontier,../open_problem_forr4_passive_floor_consolidation_round_3/notes/high_degree_record_incidence_frontier.md,0.003298294341143234,0.00010307169816072607
"[1,1,3,5]","[0,0,1,4]",10,5,"[1,1,3,5]","[[1,1,1],[1,1,3]]",0.016272469279635413,0.5207190169483332,proved_arbitrary_upper,adjacent_cubic_slice,../open_problem_forr4_passive_floor_consolidation_round_3/notes/adjacent_balanced_cubic_slice_contraction.md,0.011868142207326947,0.00019312397947507216
"[1,1,3,5]","[0,0,2,3]",10,5,"[1,1,3,5]","[[1,1,1],[1,1,3]]",0.03125,1.0,provisional_common_1_over_q_target,unresolved_balanced_frontier,../open_problem_forr4_passive_floor_consolidation_round_3/notes/high_degree_record_incidence_frontier.md,0.00597045557398217,0.00018657673668694282
"[1,1,3,5]","[0,0,3,2]",10,5,"[1,1,3,5]","[[1,1,1],[1,1,3]]",0.025091947154681882,0.8029423089498202,proved_arbitrary_upper,whole_cubic_middle_pair,../open_problem_forr4_passive_floor_consolidation_round_3/notes/whole_cubic_middle_pair_contraction.md,0.007662709249272005,0.00019227229554442523
"[1,1,3,5]","[0,1,0,4]",10,5,"[1,1,3,5]","[[1,1,1],[1,1,3]]",0.03125,1.0,provisional_common_1_over_q_target,unresolved_balanced_frontier,../open_problem_forr4_passive_floor_consolidation_round_3/notes/high_degree_record_incidence_frontier.md,0.0062990257125413555,0.00019684455351691736
"[1,1,3,5]","[0,1,1,3]",10,5,"[1,1,3,5]","[[1,1,1],[1,1,3]]",0.042241001624907494,1.3517120519970398,proved_arbitrary_upper,adjacent_balanced_row,../open_problem_forr4_passive_floor_consolidation_round_3/notes/adjacent_balanced_row_slice_contraction.md,0.009388002450739119,0.00039655862677630667
"[1,1,3,5]","[0,1,2,2]",10,5,"[1,1,3,5]","[[1,1,1],[1,1,3]]",0.016866245903631352,0.5397198689162033,local_slice_substitution_not_arbitrary_upper,diagnostic_adjacent_slice,../open_problem_forr4_passive_floor_consolidation_round_3/notes/adjacent_cubic_quintic_record_gate.md,0.01206541047530353,0.00020349818000471896
"[1,1,3,5]","[0,1,3,1]",10,5,"[1,1,3,5]","[[1,1,1],[1,1,3]]",0.03125,1.0,provisional_common_1_over_q_target,unresolved_balanced_frontier,../open_problem_forr4_passive_floor_consolidation_round_3/notes/high_degree_record_incidence_frontier.md,0.006801806724125079,0.00021255646012890872
"[1,1,3,5]","[1,0,0,4]",10,5,"[1,1,3,5]","[[1,1,1],[1,1,3]]",0.03125,1.0,provisional_common_1_over_q_target,unresolved_balanced_frontier,../open_problem_forr4_passive_floor_consolidation_round_3/notes/high_degree_record_incidence_frontier.md,0.006801806724125079,0.00021255646012890872
"[1,1,3,5]","[1,0,1,3]",10,5,"[1,1,3,5]","[[1,1,1],[1,1,3]]",0.016866245903631352,0.5397198689162033,local_slice_substitution_not_arbitrary_upper,diagnostic_adjacent_slice,../open_problem_forr4_passive_floor_consolidation_round_3/notes/adjacent_cubic_quintic_record_gate.md,0.01206541047530353,0.00020349818000471896
"[1,1,3,5]","[1,0,2,2]",10,5,"[1,1,3,5]","[[1,1,1],[1,1,3]]",0.042241001624907494,1.3517120519970398,proved_arbitrary_upper,adjacent_balanced_row,../open_problem_forr4_passive_floor_consolidation_round_3/notes/adjacent_balanced_row_slice_contraction.md,0.009388002450739119,0.00039655862677630667
"[1,1,3,5]","[1,0,3,1]",10,5,"[1,1,3,5]","[[1,1,1],[1,1,3]]",0.03125,1.0,provisional_common_1_over_q_target,unresolved_balanced_frontier,../open_problem_forr4_passive_floor_consolidation_round_3/notes/high_degree_record_incidence_frontier.md,0.0062990257125413555,0.00019684455351691736
"[1,1,3,5]","[1,1,0,3]",10,5,"[1,1,3,5]","[[1,1,1],[1,1,3]]",0.025091947154681882,0.8029423089498202,proved_arbitrary_upper,whole_cubic_middle_pair,../open_problem_forr4_passive_floor_consolidation_round_3/notes/whole_cubic_middle_pair_contraction.md,0.007662709249272005,0.00019227229554442523
"[1,1,3,5]","[1,1,1,2]",10,5,"[1,1,3,5]","[[1,1,1],[1,1,3]]",0.03125,1.0,provisional_common_1_over_q_target,unresolved_balanced_frontier,../open_problem_forr4_passive_floor_consolidation_round_3/notes/high_degree_record_incidence_frontier.md,0.00597045557398217,0.00018657673668694282
"[1,1,3,5]","[1,1,2,1]",10,5,"[1,1,3,5]","[[1,1,1],[1,1,3]]",0.016272469279635413,0.5207190169483332,proved_arbitrary_upper,adjacent_cubic_slice,../open_problem_forr4_passive_floor_consolidation_round_3/notes/adjacent_balanced_cubic_slice_contraction.md,0.011868142207326947,0.00019312397947507216
"[1,1,3,5]","[1,1,3,0]",10,5,"[1,1,3,5]","[[1,1,1],[1,1,3]]",0.03125,1.0,provisional_common_1_over_q_target,unresolved_balanced_frontier,../open_problem_forr4_passive_floor_consolidation_round_3/notes/high_degree_record_incidence_frontier.md,0.003298294341143234,0.00010307169816072607
"[1,1,3,7]","[0,0,0,6]",12,6,"[1,1,3,7]","[[1,1,1],[1,1,3]]",0.03125,1.0,provisional_common_1_over_q_target,unresolved_balanced_frontier,../open_problem_forr4_passive_floor_consolidation_round_3/notes/high_degree_record_incidence_frontier.md,2.562646184405333e-24,8.008269326266666e-26
"[1,1,3,7]","[0,0,1,5]",12,6,"[1,1,3,7]","[[1,1,1],[1,1,3]]",0.03125,1.0,provisional_common_1_over_q_target,unresolved_balanced_frontier,../open_problem_forr4_passive_floor_consolidation_round_3/notes/high_degree_record_incidence_frontier.md,0.002279340461839635,7.12293894324886e-05
"[1,1,3,7]","[0,0,2,4]",12,6,"[1,1,3,7]","[[1,1,1],[1,1,3]]",0.03125,1.0,provisional_common_1_over_q_target,unresolved_balanced_frontier,../open_problem_forr4_passive_floor_consolidation_round_3/notes/high_degree_record_incidence_frontier.md,5.1489499283885055e-24,1.609046852621408e-25
"[1,1,3,7]","[0,0,3,3]",12,6,"[1,1,3,7]","[[1,1,1],[1,1,3]]",0.03125,1.0,provisional_common_1_over_q_target,unresolved_balanced_frontier,../open_problem_forr4_passive_floor_consolidation_round_3/notes/high_degree_record_incidence_frontier.md,0.0013434397142974596,4.198249107179561e-05
"[1,1,3,7]","[0,1,0,5]",12,6,"[1,1,3,7]","[[1,1,1],[1,1,3]]",0.03125,1.0,provisional_common_1_over_q_target,unresolved_balanced_frontier,../open_problem_forr4_passive_floor_consolidation_round_3/notes/high_degree_record_incidence_frontier.md,1.0311785004379487e-23,3.2224328138685896e-25
"[1,1,3,7]","[0,1,1,4]",12,6,"[1,1,3,7]","[[1,1,1],[1,1,3]]",0.03125,1.0,provisional_common_1_over_q_target,unresolved_balanced_frontier,../open_problem_forr4_passive_floor_consolidation_round_3/notes/high_degree_record_incidence_frontier.md,3.045840026928706e-22,9.518250084152206e-24
"[1,1,3,7]","[0,1,2,3]",12,6,"[1,1,3,7]","[[1,1,1],[1,1,3]]",0.03125,1.0,provisional_common_1_over_q_target,unresolved_balanced_frontier,../open_problem_forr4_passive_floor_consolidation_round_3/notes/high_degree_record_incidence_frontier.md,1.798470134218442e-23,5.620219169432631e-25
"[1,1,3,7]","[0,1,3,2]",12,6,"[1,1,3,7]","[[1,1,1],[1,1,3]]",0.03125,1.0,provisional_common_1_over_q_target,unresolved_balanced_frontier,../open_problem_forr4_passive_floor_consolidation_round_3/notes/high_degree_record_incidence_frontier.md,2.0725058676739189e-22,6.4765808364809965e-24
"[1,1,3,7]","[1,0,0,5]",12,6,"[1,1,3,7]","[[1,1,1],[1,1,3]]",0.03125,1.0,provisional_common_1_over_q_target,unresolved_balanced_frontier,../open_problem_forr4_passive_floor_consolidation_round_3/notes/high_degree_record_incidence_frontier.md,2.0725058676739189e-22,6.4765808364809965e-24
"[1,1,3,7]","[1,0,1,4]",12,6,"[1,1,3,7]","[[1,1,1],[1,1,3]]",0.03125,1.0,provisional_common_1_over_q_target,unresolved_balanced_frontier,../open_problem_forr4_passive_floor_consolidation_round_3/notes/high_degree_record_incidence_frontier.md,1.798470134218442e-23,5.620219169432631e-25
"[1,1,3,7]","[1,0,2,3]",12,6,"[1,1,3,7]","[[1,1,1],[1,1,3]]",0.03125,1.0,provisional_common_1_over_q_target,unresolved_balanced_frontier,../open_problem_forr4_passive_floor_consolidation_round_3/notes/high_degree_record_incidence_frontier.md,3.045840026928706e-22,9.518250084152206e-24
"[1,1,3,7]","[1,0,3,2]",12,6,"[1,1,3,7]","[[1,1,1],[1,1,3]]",0.03125,1.0,provisional_common_1_over_q_target,unresolved_balanced_frontier,../open_problem_forr4_passive_floor_consolidation_round_3/notes/high_degree_record_incidence_frontier.md,1.0311785004379487e-23,3.2224328138685896e-25
"[1,1,3,7]","[1,1,0,4]",12,6,"[1,1,3,7]","[[1,1,1],[1,1,3]]",0.03125,1.0,provisional_common_1_over_q_target,unresolved_balanced_frontier,../open_problem_forr4_passive_floor_consolidation_round_3/notes/high_degree_record_incidence_frontier.md,0.0013434397142974596,4.198249107179561e-05
"[1,1,3,7]","[1,1,1,3]",12,6,"[1,1,3,7]","[[1,1,1],[1,1,3]]",0.03125,1.0,provisional_common_1_over_q_target,unresolved_balanced_frontier,../open_problem_forr4_passive_floor_consolidation_round_3/notes/high_degree_record_incidence_frontier.md,5.1489499283885055e-24,1.609046852621408e-25
"[1,1,3,7]","[1,1,2,2]",12,6,"[1,1,3,7]","[[1,1,1],[1,1,3]]",0.03125,1.0,provisional_common_1_over_q_target,unresolved_balanced_frontier,../open_problem_forr4_passive_floor_consolidation_round_3/notes/high_degree_record_incidence_frontier.md,0.002279340461839635,7.12293894324886e-05
"[1,1,3,7]","[1,1,3,1]",12,6,"[1,1,3,7]","[[1,1,1],[1,1,3]]",0.03125,1.0,provisional_common_1_over_q_target,unresolved_balanced_frontier,../open_problem_forr4_passive_floor_consolidation_round_3/notes/high_degree_record_incidence_frontier.md,2.562646184405333e-24,8.008269326266666e-26
"[1,1,5,3]","[0,0,2,3]",10,5,"[1,1,5,3]","[[1,1,1],[1,1,3]]",0.03125,1.0,provisional_common_1_over_q_target,unresolved_balanced_frontier,../open_problem_forr4_passive_floor_consolidation_round_3/notes/high_degree_record_incidence_frontier.md,0.0037102155513155117,0.00011594423597860974
"[1,1,5,3]","[0,0,3,2]",10,5,"[1,1,5,3]","[[1,1,1],[1,1,3]]",0.03125,1.0,provisional_common_1_over_q_target,unresolved_balanced_frontier,../open_problem_forr4_passive_floor_consolidation_round_3/notes/high_degree_record_incidence_frontier.md,0.00597045557398217,0.00018657673668694282
"[1,1,5,3]","[0,0,4,1]",10,5,"[1,1,5,3]","[[1,1,1],[1,1,3]]",0.03125,1.0,provisional_common_1_over_q_target,unresolved_balanced_frontier,../open_problem_forr4_passive_floor_consolidation_round_3/notes/high_degree_record_incidence_frontier.md,0.005417304106608989,0.00016929075333153092
"[1,1,5,3]","[0,0,5,0]",10,5,"[1,1,5,3]","[[1,1,1],[1,1,3]]",0.03125,1.0,provisional_common_1_over_q_target,unresolved_balanced_frontier,../open_problem_forr4_passive_floor_consolidation_round_3/notes/high_degree_record_incidence_frontier.md,0.0031093749094966913,9.71679659217716e-05
"[1,1,5,3]","[0,1,1,3]",10,5,"[1,1,5,3]","[[1,1,1],[1,1,3]]",0.03125,1.0,provisional_common_1_over_q_target,unresolved_balanced_frontier,../open_problem_forr4_passive_floor_consolidation_round_3/notes/high_degree_record_incidence_frontier.md,0.00412524614174637,0.00012891394192957406
"[1,1,5,3]","[0,1,2,2]",10,5,"[1,1,5,3]","[[1,1,1],[1,1,3]]",0.03125,1.0,provisional_common_1_over_q_target,unresolved_balanced_frontier,../open_problem_forr4_passive_floor_consolidation_round_3/notes/high_degree_record_incidence_frontier.md,0.006940863489129702,0.0002169019840353032
"[1,1,5,3]","[0,1,3,1]",10,5,"[1,1,5,3]","[[1,1,1],[1,1,3]]",0.03125,1.0,provisional_common_1_over_q_target,unresolved_balanced_frontier,../open_problem_forr4_passive_floor_consolidation_round_3/notes/high_degree_record_incidence_frontier.md,0.007494875256279837,0.00023421485175874492
"[1,1,5,3]","[0,1,4,0]",10,5,"[1,1,5,3]","[[1,1,1],[1,1,3]]",0.03125,1.0,provisional_common_1_over_q_target,unresolved_balanced_frontier,../open_problem_forr4_passive_floor_consolidation_round_3/notes/high_degree_record_incidence_frontier.md,0.005301744249961663,0.00016567950781130197
"[1,1,5,3]","[1,0,1,3]",10,5,"[1,1,5,3]","[[1,1,1],[1,1,3]]",0.03125,1.0,provisional_common_1_over_q_target,unresolved_balanced_frontier,../open_problem_forr4_passive_floor_consolidation_round_3/notes/high_degree_record_incidence_frontier.md,0.005301744249961663,0.00016567950781130197
"[1,1,5,3]","[1,0,2,2]",10,5,"[1,1,5,3]","[[1,1,1],[1,1,3]]",0.03125,1.0,provisional_common_1_over_q_target,unresolved_balanced_frontier,../open_problem_forr4_passive_floor_consolidation_round_3/notes/high_degree_record_incidence_frontier.md,0.007494875256279837,0.00023421485175874492
"[1,1,5,3]","[1,0,3,1]",10,5,"[1,1,5,3]","[[1,1,1],[1,1,3]]",0.03125,1.0,provisional_common_1_over_q_target,unresolved_balanced_frontier,../open_problem_forr4_passive_floor_consolidation_round_3/notes/high_degree_record_incidence_frontier.md,0.006940863489129702,0.0002169019840353032
"[1,1,5,3]","[1,0,4,0]",10,5,"[1,1,5,3]","[[1,1,1],[1,1,3]]",0.03125,1.0,provisional_common_1_over_q_target,unresolved_balanced_frontier,../open_problem_forr4_passive_floor_consolidation_round_3/notes/high_degree_record_incidence_frontier.md,0.00412524614174637,0.00012891394192957406
"[1,1,5,3]","[1,1,0,3]",10,5,"[1,1,5,3]","[[1,1,1],[1,1,3]]",0.03125,1.0,provisional_common_1_over_q_target,unresolved_balanced_frontier,../open_problem_forr4_passive_floor_consolidation_round_3/notes/high_degree_record_incidence_frontier.md,0.0031093749094966913,9.71679659217716e-05
"[1,1,5,3]","[1,1,1,2]",10,5,"[1,1,5,3]","[[1,1,1],[1,1,3]]",0.03125,1.0,provisional_common_1_over_q_target,unresolved_balanced_frontier,../open_problem_forr4_passive_floor_consolidation_round_3/notes/high_degree_record_incidence_frontier.md,0.0054173041066089885,0.0001692907533315309
"[1,1,5,3]","[1,1,2,1]",10,5,"[1,1,5,3]","[[1,1,1],[1,1,3]]",0.03125,1.0,provisional_common_1_over_q_target,unresolved_balanced_frontier,../open_problem_forr4_passive_floor_consolidation_round_3/notes/high_degree_record_incidence_frontier.md,0.00597045557398217,0.00018657673668694282
"[1,1,5,3]","[1,1,3,0]",10,5,"[1,1,5,3]","[[1,1,1],[1,1,3]]",0.03125,1.0,provisional_common_1_over_q_target,unresolved_balanced_frontier,../open_problem_forr4_passive_floor_consolidation_round_3/notes/high_degree_record_incidence_frontier.md,0.003710215551315512,0.00011594423597860975
"[1,1,5,5]","[0,0,1,5]",12,6,"[1,1,5,5]","[[1,1,1],[1,1,3],[1,1,5]]",0.03125,1.0,provisional_common_1_over_q_target,unresolved_balanced_frontier,../open_problem_forr4_passive_floor_consolidation_round_3/notes/high_degree_record_incidence_frontier.md,0.0010015805274092209,3.129939148153815e-05
"[1,1,5,5]","[0,0,2,4]",12,6,"[1,1,5,5]","[[1,1,1],[1,1,3],[1,1,5]]",0.03125,1.0,provisional_common_1_over_q_target,unresolved_balanced_frontier,../open_problem_forr4_passive_floor_consolidation_round_3/notes/high_degree_record_incidence_frontier.md,3.453797962897971e-24,1.079311863405616e-25
"[1,1,5,5]","[0,0,3,3]",12,6,"[1,1,5,5]","[[1,1,1],[1,1,3],[1,1,5]]",0.03125,1.0,provisional_common_1_over_q_target,unresolved_balanced_frontier,../open_problem_forr4_passive_floor_consolidation_round_3/notes/high_degree_record_incidence_frontier.md,0.001480329195076747,4.626028734614834e-05
"[1,1,5,5]","[0,0,4,2]",12,6,"[1,1,5,5]","[[1,1,1],[1,1,3],[1,1,5]]",0.03125,1.0,provisional_common_1_over_q_target,unresolved_balanced_frontier,../open_problem_forr4_passive_floor_consolidation_round_3/notes/high_degree_record_incidence_frontier.md,3.35205252976723e-24,1.0475164155522593e-25
"[1,1,5,5]","[0,0,5,1]",12,6,"[1,1,5,5]","[[1,1,1],[1,1,3],[1,1,5]]",0.03125,1.0,provisional_common_1_over_q_target,unresolved_balanced_frontier,../open_problem_forr4_passive_floor_consolidation_round_3/notes/high_degree_record_incidence_frontier.md,0.0009442120804437482,2.950662751386713e-05
"[1,1,5,5]","[0,1,0,5]",12,6,"[1,1,5,5]","[[1,1,1],[1,1,3],[1,1,5]]",0.03125,1.0,provisional_common_1_over_q_target,unresolved_balanced_frontier,../open_problem_forr4_passive_floor_consolidation_round_3/notes/high_degree_record_incidence_frontier.md,4.2378247339383014e-24,1.3243202293557192e-25
"[1,1,5,5]","[0,1,1,4]",12,6,"[1,1,5,5]","[[1,1,1],[1,1,3],[1,1,5]]",0.03125,1.0,provisional_common_1_over_q_target,unresolved_balanced_frontier,../open_problem_forr4_passive_floor_consolidation_round_3/notes/high_degree_record_incidence_frontier.md,1.7895147843811751e-22,5.592233701191172e-24
"[1,1,5,5]","[0,1,2,3]",12,6,"[1,1,5,5]","[[1,1,1],[1,1,3],[1,1,5]]",0.03125,1.0,provisional_common_1_over_q_target,unresolved_balanced_frontier,../open_problem_forr4_passive_floor_consolidation_round_3/notes/high_degree_record_incidence_frontier.md,1.2026368012185128e-23,3.7582400038078524e-25
"[1,1,5,5]","[0,1,3,2]",12,6,"[1,1,5,5]","[[1,1,1],[1,1,3],[1,1,5]]",0.03125,1.0,provisional_common_1_over_q_target,unresolved_balanced_frontier,../open_problem_forr4_passive_floor_consolidation_round_3/notes/high_degree_record_incidence_frontier.md,2.1326596127811286e-22,6.664561289941027e-24
"[1,1,5,5]","[0,1,4,1]",12,6,"[1,1,5,5]","[[1,1,1],[1,1,3],[1,1,5]]",0.03125,1.0,provisional_common_1_over_q_target,unresolved_balanced_frontier,../open_problem_forr4_passive_floor_consolidation_round_3/notes/high_degree_record_incidence_frontier.md,1.2730647509965352e-23,3.9783273468641725e-25
"[1,1,5,5]","[0,1,5,0]",12,6,"[1,1,5,5]","[[1,1,1],[1,1,3],[1,1,5]]",0.03125,1.0,provisional_common_1_over_q_target,unresolved_balanced_frontier,../open_problem_forr4_passive_floor_consolidation_round_3/notes/high_degree_record_incidence_frontier.md,8.701090310924425e-23,2.7190907221638827e-24
"[1,1,5,5]","[1,0,0,5]",12,6,"[1,1,5,5]","[[1,1,1],[1,1,3],[1,1,5]]",0.03125,1.0,provisional_common_1_over_q_target,unresolved_balanced_frontier,../open_problem_forr4_passive_floor_consolidation_round_3/notes/high_degree_record_incidence_frontier.md,8.701090310924425e-23,2.7190907221638827e-24
"[1,1,5,5]","[1,0,1,4]",12,6,"[1,1,5,5]","[[1,1,1],[1,1,3],[1,1,5]]",0.03125,1.0,provisional_common_1_over_q_target,unresolved_balanced_frontier,../open_problem_forr4_passive_floor_consolidation_round_3/notes/high_degree_record_incidence_frontier.md,1.2730647509965352e-23,3.9783273468641725e-25
"[1,1,5,5]","[1,0,2,3]",12,6,"[1,1,5,5]","[[1,1,1],[1,1,3],[1,1,5]]",0.03125,1.0,provisional_common_1_over_q_target,unresolved_balanced_frontier,../open_problem_forr4_passive_floor_consolidation_round_3/notes/high_degree_record_incidence_frontier.md,2.1326596127811286e-22,6.664561289941027e-24
"[1,1,5,5]","[1,0,3,2]",12,6,"[1,1,5,5]","[[1,1,1],[1,1,3],[1,1,5]]",0.03125,1.0,provisional_common_1_over_q_target,unresolved_balanced_frontier,../open_problem_forr4_passive_floor_consolidation_round_3/notes/high_degree_record_incidence_frontier.md,1.2026368012185128e-23,3.7582400038078524e-25
"[1,1,5,5]","[1,0,4,1]",12,6,"[1,1,5,5]","[[1,1,1],[1,1,3],[1,1,5]]",0.03125,1.0,provisional_common_1_over_q_target,unresolved_balanced_frontier,../open_problem_forr4_passive_floor_consolidation_round_3/notes/high_degree_record_incidence_frontier.md,1.7895147843811751e-22,5.592233701191172e-24
"[1,1,5,5]","[1,0,5,0]",12,6,"[1,1,5,5]","[[1,1,1],[1,1,3],[1,1,5]]",0.03125,1.0,provisional_common_1_over_q_target,unresolved_balanced_frontier,../open_problem_forr4_passive_floor_consolidation_round_3/notes/high_degree_record_incidence_frontier.md,4.2378247339383014e-24,1.3243202293557192e-25
"[1,1,5,5]","[1,1,0,4]",12,6,"[1,1,5,5]","[[1,1,1],[1,1,3],[1,1,5]]",0.03125,1.0,provisional_common_1_over_q_target,unresolved_balanced_frontier,../open_problem_forr4_passive_floor_consolidation_round_3/notes/high_degree_record_incidence_frontier.md,0.0009442120804437482,2.950662751386713e-05
"[1,1,5,5]","[1,1,1,3]",12,6,"[1,1,5,5]","[[1,1,1],[1,1,3],[1,1,5]]",0.03125,1.0,provisional_common_1_over_q_target,unresolved_balanced_frontier,../open_problem_forr4_passive_floor_consolidation_round_3/notes/high_degree_record_incidence_frontier.md,3.35205252976723e-24,1.0475164155522593e-25
"[1,1,5,5]","[1,1,2,2]",12,6,"[1,1,5,5]","[[1,1,1],[1,1,3],[1,1,5]]",0.03125,1.0,provisional_common_1_over_q_target,unresolved_balanced_frontier,../open_problem_forr4_passive_floor_consolidation_round_3/notes/high_degree_record_incidence_frontier.md,0.001480329195076747,4.626028734614834e-05
"[1,1,5,5]","[1,1,3,1]",12,6,"[1,1,5,5]","[[1,1,1],[1,1,3],[1,1,5]]",0.03125,1.0,provisional_common_1_over_q_target,unresolved_balanced_frontier,../open_problem_forr4_passive_floor_consolidation_round_3/notes/high_degree_record_incidence_frontier.md,3.453797962897971e-24,1.079311863405616e-25
"[1,1,5,5]","[1,1,4,0]",12,6,"[1,1,5,5]","[[1,1,1],[1,1,3],[1,1,5]]",0.03125,1.0,provisional_common_1_over_q_target,unresolved_balanced_frontier,../open_problem_forr4_passive_floor_consolidation_round_3/notes/high_degree_record_incidence_frontier.md,0.0010015805274092209,3.129939148153815e-05
"[1,1,7,1]","[0,0,4,1]",10,5,"[1,1,7,1]","[[1,1,1]]",0.03125,1.0,provisional_common_1_over_q_target,unresolved_balanced_frontier,../open_problem_forr4_passive_floor_consolidation_round_3/notes/high_degree_record_incidence_frontier.md,0.003366471066317674,0.0001052022208224273
"[1,1,7,1]","[0,0,5,0]",10,5,"[1,1,7,1]","[[1,1,1]]",0.03125,1.0,provisional_common_1_over_q_target,unresolved_balanced_frontier,../open_problem_forr4_passive_floor_consolidation_round_3/notes/high_degree_record_incidence_frontier.md,0.0024226920474332936,7.570912648229042e-05
"[1,1,7,1]","[0,1,3,1]",10,5,"[1,1,7,1]","[[1,1,1]]",0.03125,1.0,provisional_common_1_over_q_target,unresolved_balanced_frontier,../open_problem_forr4_passive_floor_consolidation_round_3/notes/high_degree_record_incidence_frontier.md,0.0032933742184317965,0.00010291794432599364
"[1,1,7,1]","[0,1,4,0]",10,5,"[1,1,7,1]","[[1,1,1]]",0.03125,1.0,provisional_common_1_over_q_target,unresolved_balanced_frontier,../open_problem_forr4_passive_floor_consolidation_round_3/notes/high_degree_record_incidence_frontier.md,0.003049932131905898,9.531037912205932e-05
"[1,1,7,1]","[1,0,3,1]",10,5,"[1,1,7,1]","[[1,1,1]]",0.03125,1.0,provisional_common_1_over_q_target,unresolved_balanced_frontier,../open_problem_forr4_passive_floor_consolidation_round_3/notes/high_degree_record_incidence_frontier.md,0.003049932131905898,9.531037912205932e-05
"[1,1,7,1]","[1,0,4,0]",10,5,"[1,1,7,1]","[[1,1,1]]",0.03125,1.0,provisional_common_1_over_q_target,unresolved_balanced_frontier,../open_problem_forr4_passive_floor_consolidation_round_3/notes/high_degree_record_incidence_frontier.md,0.0032933742184317965,0.00010291794432599364
"[1,1,7,1]","[1,1,2,1]",10,5,"[1,1,7,1]","[[1,1,1]]",0.03125,1.0,provisional_common_1_over_q_target,unresolved_balanced_frontier,../open_problem_forr4_passive_floor_consolidation_round_3/notes/high_degree_record_incidence_frontier.md,0.0024226920474332936,7.570912648229042e-05
"[1,1,7,1]","[1,1,3,0]",10,5,"[1,1,7,1]","[[1,1,1]]",0.03125,1.0,provisional_common_1_over_q_target,unresolved_balanced_frontier,../open_problem_forr4_passive_floor_consolidation_round_3/notes/high_degree_record_incidence_frontier.md,0.003366471066317674,0.0001052022208224273
"[1,1,7,3]","[0,0,3,3]",12,6,"[1,1,7,3]","[[1,1,1],[1,1,3]]",0.03125,1.0,provisional_common_1_over_q_target,unresolved_balanced_frontier,../open_problem_forr4_passive_floor_consolidation_round_3/notes/high_degree_record_incidence_frontier.md,0.0006504815409399554,2.0327548154373607e-05
"[1,1,7,3]","[0,0,4,2]",12,6,"[1,1,7,3]","[[1,1,1],[1,1,3]]",0.03125,1.0,provisional_common_1_over_q_target,unresolved_balanced_frontier,../open_problem_forr4_passive_floor_consolidation_round_3/notes/high_degree_record_incidence_frontier.md,2.248480245458605e-24,7.02650076705814e-26
"[1,1,7,3]","[0,0,5,1]",12,6,"[1,1,7,3]","[[1,1,1],[1,1,3]]",0.03125,1.0,provisional_common_1_over_q_target,unresolved_balanced_frontier,../open_problem_forr4_passive_floor_consolidation_round_3/notes/high_degree_record_incidence_frontier.md,0.0010404223532694751,3.25131985396711e-05
"[1,1,7,3]","[0,0,6,0]",12,6,"[1,1,7,3]","[[1,1,1],[1,1,3]]",0.03125,1.0,provisional_common_1_over_q_target,unresolved_balanced_frontier,../open_problem_forr4_passive_floor_consolidation_round_3/notes/high_degree_record_incidence_frontier.md,1.72397568829644e-24,5.387424025926375e-26
"[1,1,7,3]","[0,1,2,3]",12,6,"[1,1,7,3]","[[1,1,1],[1,1,3]]",0.03125,1.0,provisional_common_1_over_q_target,unresolved_balanced_frontier,../open_problem_forr4_passive_floor_consolidation_round_3/notes/high_degree_record_incidence_frontier.md,4.942465324852786e-24,1.5445204140164956e-25
"[1,1,7,3]","[0,1,3,2]",12,6,"[1,1,7,3]","[[1,1,1],[1,1,3]]",0.03125,1.0,provisional_common_1_over_q_target,unresolved_balanced_frontier,../open_problem_forr4_passive_floor_consolidation_round_3/notes/high_degree_record_incidence_frontier.md,1.2529961762216324e-22,3.9156130506926014e-24
"[1,1,7,3]","[0,1,4,1]",12,6,"[1,1,7,3]","[[1,1,1],[1,1,3]]",0.03125,1.0,provisional_common_1_over_q_target,unresolved_balanced_frontier,../open_problem_forr4_passive_floor_consolidation_round_3/notes/high_degree_record_incidence_frontier.md,8.512982733226507e-24,2.6603071041332836e-25
"[1,1,7,3]","[0,1,5,0]",12,6,"[1,1,7,3]","[[1,1,1],[1,1,3]]",0.03125,1.0,provisional_common_1_over_q_target,unresolved_balanced_frontier,../open_problem_forr4_passive_floor_consolidation_round_3/notes/high_degree_record_incidence_frontier.md,8.95363636007294e-23,2.7980113625227937e-24
"[1,1,7,3]","[1,0,2,3]",12,6,"[1,1,7,3]","[[1,1,1],[1,1,3]]",0.03125,1.0,provisional_common_1_over_q_target,unresolved_balanced_frontier,../open_problem_forr4_passive_floor_consolidation_round_3/notes/high_degree_record_incidence_frontier.md,8.95363636007294e-23,2.7980113625227937e-24
"[1,1,7,3]","[1,0,3,2]",12,6,"[1,1,7,3]","[[1,1,1],[1,1,3]]",0.03125,1.0,provisional_common_1_over_q_target,unresolved_balanced_frontier,../open_problem_forr4_passive_floor_consolidation_round_3/notes/high_degree_record_incidence_frontier.md,8.512982733226507e-24,2.6603071041332836e-25
"[1,1,7,3]","[1,0,4,1]",12,6,"[1,1,7,3]","[[1,1,1],[1,1,3]]",0.03125,1.0,provisional_common_1_over_q_target,unresolved_balanced_frontier,../open_problem_forr4_passive_floor_consolidation_round_3/notes/high_degree_record_incidence_frontier.md,1.2529961762216324e-22,3.9156130506926014e-24
"[1,1,7,3]","[1,0,5,0]",12,6,"[1,1,7,3]","[[1,1,1],[1,1,3]]",0.03125,1.0,provisional_common_1_over_q_target,unresolved_balanced_frontier,../open_problem_forr4_passive_floor_consolidation_round_3/notes/high_degree_record_incidence_frontier.md,4.942465324852786e-24,1.5445204140164956e-25
"[1,1,7,3]","[1,1,1,3]",12,6,"[1,1,7,3]","[[1,1,1],[1,1,3]]",0.03125,1.0,provisional_common_1_over_q_target,unresolved_balanced_frontier,../open_problem_forr4_passive_floor_consolidation_round_3/notes/high_degree_record_incidence_frontier.md,1.72397568829644e-24,5.387424025926375e-26
"[1,1,7,3]","[1,1,2,2]",12,6,"[1,1,7,3]","[[1,1,1],[1,1,3]]",0.03125,1.0,provisional_common_1_over_q_target,unresolved_balanced_frontier,../open_problem_forr4_passive_floor_consolidation_round_3/notes/high_degree_record_incidence_frontier.md,0.0010404223532694751,3.25131985396711e-05
"[1,1,7,3]","[1,1,3,1]",12,6,"[1,1,7,3]","[[1,1,1],[1,1,3]]",0.03125,1.0,provisional_common_1_over_q_target,unresolved_balanced_frontier,../open_problem_forr4_passive_floor_consolidation_round_3/notes/high_degree_record_incidence_frontier.md,2.248480245458605e-24,7.02650076705814e-26
"[1,1,7,3]","[1,1,4,0]",12,6,"[1,1,7,3]","[[1,1,1],[1,1,3]]",0.03125,1.0,provisional_common_1_over_q_target,unresolved_balanced_frontier,../open_problem_forr4_passive_floor_consolidation_round_3/notes/high_degree_record_incidence_frontier.md,0.0006504815409399554,2.0327548154373607e-05
"[1,1,9,1]","[0,0,5,1]",12,6,"[1,1,9,1]","[[1,1,1]]",0.03125,1.0,provisional_common_1_over_q_target,unresolved_balanced_frontier,../open_problem_forr4_passive_floor_consolidation_round_3/notes/high_degree_record_incidence_frontier.md,0.000457179077352464,1.42868461672645e-05
"[1,1,9,1]","[0,0,6,0]",12,6,"[1,1,9,1]","[[1,1,1]]",0.03125,1.0,provisional_common_1_over_q_target,unresolved_balanced_frontier,../open_problem_forr4_passive_floor_consolidation_round_3/notes/high_degree_record_incidence_frontier.md,1.1564035003516551e-24,3.613760938598922e-26
"[1,1,9,1]","[0,1,4,1]",12,6,"[1,1,9,1]","[[1,1,1]]",0.03125,1.0,provisional_common_1_over_q_target,unresolved_balanced_frontier,../open_problem_forr4_passive_floor_consolidation_round_3/notes/high_degree_record_incidence_frontier.md,3.49857263035789e-24,1.0933039469868405e-25
"[1,1,9,1]","[0,1,5,0]",12,6,"[1,1,9,1]","[[1,1,1]]",0.03125,1.0,provisional_common_1_over_q_target,unresolved_balanced_frontier,../open_problem_forr4_passive_floor_consolidation_round_3/notes/high_degree_record_incidence_frontier.md,5.2605076099416624e-23,1.6439086281067695e-24
"[1,1,9,1]","[1,0,4,1]",12,6,"[1,1,9,1]","[[1,1,1]]",0.03125,1.0,provisional_common_1_over_q_target,unresolved_balanced_frontier,../open_problem_forr4_passive_floor_consolidation_round_3/notes/high_degree_record_incidence_frontier.md,5.2605076099416624e-23,1.6439086281067695e-24
"[1,1,9,1]","[1,0,5,0]",12,6,"[1,1,9,1]","[[1,1,1]]",0.03125,1.0,provisional_common_1_over_q_target,unresolved_balanced_frontier,../open_problem_forr4_passive_floor_consolidation_round_3/notes/high_degree_record_incidence_frontier.md,3.49857263035789e-24,1.0933039469868405e-25
"[1,1,9,1]","[1,1,3,1]",12,6,"[1,1,9,1]","[[1,1,1]]",0.03125,1.0,provisional_common_1_over_q_target,unresolved_balanced_frontier,../open_problem_forr4_passive_floor_consolidation_round_3/notes/high_degree_record_incidence_frontier.md,1.1564035003516551e-24,3.613760938598922e-26
"[1,1,9,1]","[1,1,4,0]",12,6,"[1,1,9,1]","[[1,1,1]]",0.03125,1.0,provisional_common_1_over_q_target,unresolved_balanced_frontier,../open_problem_forr4_passive_floor_consolidation_round_3/notes/high_degree_record_incidence_frontier.md,0.000457179077352464,1.42868461672645e-05
"[1,3,1,7]","[0,0,0,6]",12,6,"[1,3,1,7]","[[1,1,1]]",0.03125,1.0,provisional_common_1_over_q_target,unresolved_balanced_frontier,../open_problem_forr4_passive_floor_consolidation_round_3/notes/high_degree_record_incidence_frontier.md,2.5626466509602712e-24,8.008270784250847e-26
"[1,3,1,7]","[0,0,1,5]",12,6,"[1,3,1,7]","[[1,1,1]]",0.03125,1.0,provisional_common_1_over_q_target,unresolved_balanced_frontier,../open_problem_forr4_passive_floor_consolidation_round_3/notes/high_degree_record_incidence_frontier.md,0.0011262175860486182,3.519429956401932e-05
"[1,3,1,7]","[0,1,0,5]",12,6,"[1,3,1,7]","[[1,1,1]]",0.03125,1.0,provisional_common_1_over_q_target,unresolved_balanced_frontier,../open_problem_forr4_passive_floor_consolidation_round_3/notes/high_degree_record_incidence_frontier.md,2.105145671802454e-23,6.578580224382669e-25
"[1,3,1,7]","[0,1,1,4]",12,6,"[1,3,1,7]","[[1,1,1]]",0.03125,1.0,provisional_common_1_over_q_target,unresolved_balanced_frontier,../open_problem_forr4_passive_floor_consolidation_round_3/notes/high_degree_record_incidence_frontier.md,3.5153707631025126e-22,1.0985533634695352e-23
"[1,3,1,7]","[0,2,0,4]",12,6,"[1,3,1,7]","[[1,1,1]]",0.03125,1.0,provisional_common_1_over_q_target,unresolved_balanced_frontier,../open_problem_forr4_passive_floor_consolidation_round_3/notes/high_degree_record_incidence_frontier.md,7.538708900893242e-24,2.355846531529138e-25
"[1,3,1,7]","[0,2,1,3]",12,6,"[1,3,1,7]","[[1,1,1]]",0.03125,1.0,provisional_common_1_over_q_target,unresolved_balanced_frontier,../open_problem_forr4_passive_floor_consolidation_round_3/notes/high_degree_record_incidence_frontier.md,0.0036588493921935242,0.00011433904350604763
"[1,3,1,7]","[0,3,0,3]",12,6,"[1,3,1,7]","[[1,1,1]]",0.03125,1.0,provisional_common_1_over_q_target,unresolved_balanced_frontier,../open_problem_forr4_passive_floor_consolidation_round_3/notes/high_degree_record_incidence_frontier.md,8.664769666087697e-24,2.707740520652405e-25
"[1,3,1,7]","[0,3,1,2]",12,6,"[1,3,1,7]","[[1,1,1]]",0.03125,1.0,provisional_common_1_over_q_target,unresolved_balanced_frontier,../open_problem_forr4_passive_floor_consolidation_round_3/notes/high_degree_record_incidence_frontier.md,2.24224812086485e-22,7.007025377702656e-24
"[1,3,1,7]","[1,0,0,5]",12,6,"[1,3,1,7]","[[1,1,1]]",0.03125,1.0,provisional_common_1_over_q_target,unresolved_balanced_frontier,../open_problem_forr4_passive_floor_consolidation_round_3/notes/high_degree_record_incidence_frontier.md,2.24224812086485e-22,7.007025377702656e-24
"[1,3,1,7]","[1,0,1,4]",12,6,"[1,3,1,7]","[[1,1,1]]",0.03125,1.0,provisional_common_1_over_q_target,unresolved_balanced_frontier,../open_problem_forr4_passive_floor_consolidation_round_3/notes/high_degree_record_incidence_frontier.md,8.664769666087697e-24,2.707740520652405e-25
"[1,3,1,7]","[1,1,0,4]",12,6,"[1,3,1,7]","[[1,1,1]]",0.03125,1.0,provisional_common_1_over_q_target,unresolved_balanced_frontier,../open_problem_forr4_passive_floor_consolidation_round_3/notes/high_degree_record_incidence_frontier.md,0.0036588493921935242,0.00011433904350604763
"[1,3,1,7]","[1,1,1,3]",12,6,"[1,3,1,7]","[[1,1,1]]",0.03125,1.0,provisional_common_1_over_q_target,unresolved_balanced_frontier,../open_problem_forr4_passive_floor_consolidation_round_3/notes/high_degree_record_incidence_frontier.md,7.538708900893242e-24,2.355846531529138e-25
"[1,3,1,7]","[1,2,0,3]",12,6,"[1,3,1,7]","[[1,1,1]]",0.03125,1.0,provisional_common_1_over_q_target,unresolved_balanced_frontier,../open_problem_forr4_passive_floor_consolidation_round_3/notes/high_degree_record_incidence_frontier.md,3.5153707631025126e-22,1.0985533634695352e-23
"[1,3,1,7]","[1,2,1,2]",12,6,"[1,3,1,7]","[[1,1,1]]",0.03125,1.0,provisional_common_1_over_q_target,unresolved_balanced_frontier,../open_problem_forr4_passive_floor_consolidation_round_3/notes/high_degree_record_incidence_frontier.md,2.105145671802454e-23,6.578580224382669e-25
"[1,3,1,7]","[1,3,0,2]",12,6,"[1,3,1,7]","[[1,1,1]]",0.03125,1.0,provisional_common_1_over_q_target,unresolved_balanced_frontier,../open_problem_forr4_passive_floor_consolidation_round_3/notes/high_degree_record_incidence_frontier.md,0.0011262175860486182,3.519429956401932e-05
"[1,3,1,7]","[1,3,1,1]",12,6,"[1,3,1,7]","[[1,1,1]]",0.03125,1.0,provisional_common_1_over_q_target,unresolved_balanced_frontier,../open_problem_forr4_passive_floor_consolidation_round_3/notes/high_degree_record_incidence_frontier.md,2.5626466509602712e-24,8.008270784250847e-26
"[1,3,3,5]","[0,0,1,5]",12,6,"[1,3,3,5]","[[1,1,1],[1,1,3],[1,3,1],[1,3,3]]",0.03125,1.0,provisional_common_1_over_q_target,unresolved_balanced_frontier,../open_problem_forr4_passive_floor_consolidation_round_3/notes/high_degree_record_incidence_frontier.md,0.0012161109827447962,3.800346821077488e-05
"[1,3,3,5]","[0,0,2,4]",12,6,"[1,3,3,5]","[[1,1,1],[1,1,3],[1,3,1],[1,3,3]]",0.03125,1.0,provisional_common_1_over_q_target,unresolved_balanced_frontier,../open_problem_forr4_passive_floor_consolidation_round_3/notes/high_degree_record_incidence_frontier.md,3.453798591695854e-24,1.0793120599049543e-25
"[1,3,3,5]","[0,0,3,3]",12,6,"[1,3,3,5]","[[1,1,1],[1,1,3],[1,3,1],[1,3,3]]",0.03125,1.0,provisional_common_1_over_q_target,unresolved_balanced_frontier,../open_problem_forr4_passive_floor_consolidation_round_3/notes/high_degree_record_incidence_frontier.md,0.0007314277092642263,2.2857115914507073e-05
"[1,3,3,5]","[0,1,0,5]",12,6,"[1,3,3,5]","[[1,1,1],[1,1,3],[1,3,1],[1,3,3]]",0.03125,1.0,provisional_common_1_over_q_target,unresolved_balanced_frontier,../open_problem_forr4_passive_floor_consolidation_round_3/notes/high_degree_record_incidence_frontier.md,1.1467204962719924e-23,3.583501550849976e-25
"[1,3,3,5]","[0,1,1,4]",12,6,"[1,3,3,5]","[[1,1,1],[1,1,3],[1,3,1],[1,3,3]]",0.03125,1.0,provisional_common_1_over_q_target,unresolved_balanced_frontier,../open_problem_forr4_passive_floor_consolidation_round_3/notes/high_degree_record_incidence_frontier.md,4.3032015358581355e-22,1.3447504799556673e-23
"[1,3,3,5]","[0,1,2,3]",12,6,"[1,3,3,5]","[[1,1,1],[1,1,3],[1,3,1],[1,3,3]]",0.03125,1.0,provisional_common_1_over_q_target,unresolved_balanced_frontier,../open_problem_forr4_passive_floor_consolidation_round_3/notes/high_degree_record_incidence_frontier.md,2.4551769220947286e-23,7.672427881546027e-25
"[1,3,3,5]","[0,1,3,2]",12,6,"[1,3,3,5]","[[1,1,1],[1,1,3],[1,3,1],[1,3,3]]",0.03125,1.0,provisional_common_1_over_q_target,unresolved_balanced_frontier,../open_problem_forr4_passive_floor_consolidation_round_3/notes/high_degree_record_incidence_frontier.md,2.461419242027641e-22,7.691935131336378e-24
"[1,3,3,5]","[0,2,0,4]",12,6,"[1,3,3,5]","[[1,1,1],[1,1,3],[1,3,1],[1,3,3]]",0.03125,1.0,provisional_common_1_over_q_target,unresolved_balanced_frontier,../open_problem_forr4_passive_floor_consolidation_round_3/notes/high_degree_record_incidence_frontier.md,5.056793677722728e-24,1.5802480242883526e-25
"[1,3,3,5]","[0,2,1,3]",12,6,"[1,3,3,5]","[[1,1,1],[1,1,3],[1,3,1],[1,3,3]]",0.03125,1.0,provisional_common_1_over_q_target,unresolved_balanced_frontier,../open_problem_forr4_passive_floor_consolidation_round_3/notes/high_degree_record_incidence_frontier.md,0.004031667009699272,0.00012598959405310224
"[1,3,3,5]","[0,2,2,2]",12,6,"[1,3,3,5]","[[1,1,1],[1,1,3],[1,3,1],[1,3,3]]",0.03125,1.0,provisional_common_1_over_q_target,unresolved_balanced_frontier,../open_problem_forr4_passive_floor_consolidation_round_3/notes/high_degree_record_incidence_frontier.md,1.0031440320427588e-23,3.1348251001336212e-25
"[1,3,3,5]","[0,2,3,1]",12,6,"[1,3,3,5]","[[1,1,1],[1,1,3],[1,3,1],[1,3,3]]",0.03125,1.0,provisional_common_1_over_q_target,unresolved_balanced_frontier,../open_problem_forr4_passive_floor_consolidation_round_3/notes/high_degree_record_incidence_frontier.md,0.002921028186762646,9.128213083633269e-05
"[1,3,3,5]","[0,3,0,3]",12,6,"[1,3,3,5]","[[1,1,1],[1,1,3],[1,3,1],[1,3,3]]",0.03125,1.0,provisional_common_1_over_q_target,unresolved_balanced_frontier,../open_problem_forr4_passive_floor_consolidation_round_3/notes/high_degree_record_incidence_frontier.md,5.794130620382729e-24,1.8106658188696027e-25
"[1,3,3,5]","[0,3,1,2]",12,6,"[1,3,3,5]","[[1,1,1],[1,1,3],[1,3,1],[1,3,3]]",0.03125,1.0,provisional_common_1_over_q_target,unresolved_balanced_frontier,../open_problem_forr4_passive_floor_consolidation_round_3/notes/high_degree_record_incidence_frontier.md,2.3073285744516994e-22,7.21040179516156e-24
"[1,3,3,5]","[0,3,2,1]",12,6,"[1,3,3,5]","[[1,1,1],[1,1,3],[1,3,1],[1,3,3]]",0.03125,1.0,provisional_common_1_over_q_target,unresolved_balanced_frontier,../open_problem_forr4_passive_floor_consolidation_round_3/notes/high_degree_record_incidence_frontier.md,1.6841196670406765e-23,5.262873959502114e-25
"[1,3,3,5]","[0,3,3,0]",12,6,"[1,3,3,5]","[[1,1,1],[1,1,3],[1,3,1],[1,3,3]]",0.03125,1.0,provisional_common_1_over_q_target,unresolved_balanced_frontier,../open_problem_forr4_passive_floor_consolidation_round_3/notes/high_degree_record_incidence_frontier.md,1.2397593025547374e-22,3.8742478204835544e-24
"[1,3,3,5]","[1,0,0,5]",12,6,"[1,3,3,5]","[[1,1,1],[1,1,3],[1,3,1],[1,3,3]]",0.03125,1.0,provisional_common_1_over_q_target,unresolved_balanced_frontier,../open_problem_forr4_passive_floor_consolidation_round_3/notes/high_degree_record_incidence_frontier.md,1.2397593025547374e-22,3.8742478204835544e-24
"[1,3,3,5]","[1,0,1,4]",12,6,"[1,3,3,5]","[[1,1,1],[1,1,3],[1,3,1],[1,3,3]]",0.03125,1.0,provisional_common_1_over_q_target,unresolved_balanced_frontier,../open_problem_forr4_passive_floor_consolidation_round_3/notes/high_degree_record_incidence_frontier.md,1.6841196670406765e-23,5.262873959502114e-25
"[1,3,3,5]","[1,0,2,3]",12,6,"[1,3,3,5]","[[1,1,1],[1,1,3],[1,3,1],[1,3,3]]",0.03125,1.0,provisional_common_1_over_q_target,unresolved_balanced_frontier,../open_problem_forr4_passive_floor_consolidation_round_3/notes/high_degree_record_incidence_frontier.md,2.3073285744516994e-22,7.21040179516156e-24
"[1,3,3,5]","[1,0,3,2]",12,6,"[1,3,3,5]","[[1,1,1],[1,1,3],[1,3,1],[1,3,3]]",0.03125,1.0,provisional_common_1_over_q_target,unresolved_balanced_frontier,../open_problem_forr4_passive_floor_consolidation_round_3/notes/high_degree_record_incidence_frontier.md,5.794130620382729e-24,1.8106658188696027e-25
"[1,3,3,5]","[1,1,0,4]",12,6,"[1,3,3,5]","[[1,1,1],[1,1,3],[1,3,1],[1,3,3]]",0.03125,1.0,provisional_common_1_over_q_target,unresolved_balanced_frontier,../open_problem_forr4_passive_floor_consolidation_round_3/notes/high_degree_record_incidence_frontier.md,0.002921028186762646,9.128213083633269e-05
"[1,3,3,5]","[1,1,1,3]",12,6,"[1,3,3,5]","[[1,1,1],[1,1,3],[1,3,1],[1,3,3]]",0.03125,1.0,provisional_common_1_over_q_target,unresolved_balanced_frontier,../open_problem_forr4_passive_floor_consolidation_round_3/notes/high_degree_record_incidence_frontier.md,1.0031440320427588e-23,3.1348251001336212e-25
"[1,3,3,5]","[1,1,2,2]",12,6,"[1,3,3,5]","[[1,1,1],[1,1,3],[1,3,1],[1,3,3]]",0.03125,1.0,provisional_common_1_over_q_target,unresolved_balanced_frontier,../open_problem_forr4_passive_floor_consolidation_round_3/notes/high_degree_record_incidence_frontier.md,0.004031667009699272,0.00012598959405310224
"[1,3,3,5]","[1,1,3,1]",12,6,"[1,3,3,5]","[[1,1,1],[1,1,3],[1,3,1],[1,3,3]]",0.03125,1.0,provisional_common_1_over_q_target,unresolved_balanced_frontier,../open_problem_forr4_passive_floor_consolidation_round_3/notes/high_degree_record_incidence_frontier.md,5.056793677722728e-24,1.5802480242883526e-25
"[1,3,3,5]","[1,2,0,3]",12,6,"[1,3,3,5]","[[1,1,1],[1,1,3],[1,3,1],[1,3,3]]",0.03125,1.0,provisional_common_1_over_q_target,unresolved_balanced_frontier,../open_problem_forr4_passive_floor_consolidation_round_3/notes/high_degree_record_incidence_frontier.md,2.461419242027641e-22,7.691935131336378e-24
"[1,3,3,5]","[1,2,1,2]",12,6,"[1,3,3,5]","[[1,1,1],[1,1,3],[1,3,1],[1,3,3]]",0.03125,1.0,provisional_common_1_over_q_target,unresolved_balanced_frontier,../open_problem_forr4_passive_floor_consolidation_round_3/notes/high_degree_record_incidence_frontier.md,2.4551769220947286e-23,7.672427881546027e-25
"[1,3,3,5]","[1,2,2,1]",12,6,"[1,3,3,5]","[[1,1,1],[1,1,3],[1,3,1],[1,3,3]]",0.03125,1.0,provisional_common_1_over_q_target,unresolved_balanced_frontier,../open_problem_forr4_passive_floor_consolidation_round_3/notes/high_degree_record_incidence_frontier.md,4.3032015358581355e-22,1.3447504799556673e-23
"[1,3,3,5]","[1,2,3,0]",12,6,"[1,3,3,5]","[[1,1,1],[1,1,3],[1,3,1],[1,3,3]]",0.03125,1.0,provisional_common_1_over_q_target,unresolved_balanced_frontier,../open_problem_forr4_passive_floor_consolidation_round_3/notes/high_degree_record_incidence_frontier.md,1.1467204962719924e-23,3.583501550849976e-25
"[1,3,3,5]","[1,3,0,2]",12,6,"[1,3,3,5]","[[1,1,1],[1,1,3],[1,3,1],[1,3,3]]",0.03125,1.0,provisional_common_1_over_q_target,unresolved_balanced_frontier,../open_problem_forr4_passive_floor_consolidation_round_3/notes/high_degree_record_incidence_frontier.md,0.0007314277092642263,2.2857115914507073e-05
"[1,3,3,5]","[1,3,1,1]",12,6,"[1,3,3,5]","[[1,1,1],[1,1,3],[1,3,1],[1,3,3]]",0.03125,1.0,provisional_common_1_over_q_target,unresolved_balanced_frontier,../open_problem_forr4_passive_floor_consolidation_round_3/notes/high_degree_record_incidence_frontier.md,3.453798591695854e-24,1.0793120599049543e-25
"[1,3,3,5]","[1,3,2,0]",12,6,"[1,3,3,5]","[[1,1,1],[1,1,3],[1,3,1],[1,3,3]]",0.03125,1.0,provisional_common_1_over_q_target,unresolved_balanced_frontier,../open_problem_forr4_passive_floor_consolidation_round_3/notes/high_degree_record_incidence_frontier.md,0.0012161109827447962,3.800346821077488e-05
"[1,3,5,1]","[0,0,4,1]",10,5,"[1,3,5,1]","[[1,1,1],[1,3,1]]",0.03125,1.0,provisional_common_1_over_q_target,unresolved_balanced_frontier,../open_problem_forr4_passive_floor_consolidation_round_3/notes/high_degree_record_incidence_frontier.md,0.002890328641645105,9.032277005140953e-05
"[1,3,5,1]","[0,0,5,0]",10,5,"[1,3,5,1]","[[1,1,1],[1,3,1]]",0.03125,1.0,provisional_common_1_over_q_target,unresolved_balanced_frontier,../open_problem_forr4_passive_floor_consolidation_round_3/notes/high_degree_record_incidence_frontier.md,0.0011970473192045113,3.740772872514098e-05
"[1,3,5,1]","[0,1,3,1]",10,5,"[1,3,5,1]","[[1,1,1],[1,3,1]]",0.03125,1.0,provisional_common_1_over_q_target,unresolved_balanced_frontier,../open_problem_forr4_passive_floor_consolidation_round_3/notes/high_degree_record_incidence_frontier.md,0.006926104612933261,0.0002164407691541644
"[1,3,5,1]","[0,1,4,0]",10,5,"[1,3,5,1]","[[1,1,1],[1,3,1]]",0.03125,1.0,provisional_common_1_over_q_target,unresolved_balanced_frontier,../open_problem_forr4_passive_floor_consolidation_round_3/notes/high_degree_record_incidence_frontier.md,0.006172727011401709,0.0001928977191063034
"[1,3,5,1]","[0,2,2,1]",10,5,"[1,3,5,1]","[[1,1,1],[1,3,1]]",0.02852815229229594,0.91290087335347,proved_arbitrary_upper,middle_cubic_quintic_pair,../open_problem_forr4_passive_floor_consolidation_round_3/notes/middle_cubic_quintic_pair_contraction.md,0.008067086367195253,0.00023013906843845057
"[1,3,5,1]","[0,2,3,0]",10,5,"[1,3,5,1]","[[1,1,1],[1,3,1]]",0.04624259624455661,1.4797630798258115,proved_arbitrary_upper,double_endpoint_cubic_quintic_row,../open_problem_forr4_passive_floor_consolidation_round_3/notes/double_endpoint_cubic_quintic_row_contraction.md,0.007494875256279837,0.00034658249037946626
"[1,3,5,1]","[0,3,1,1]",10,5,"[1,3,5,1]","[[1,1,1],[1,3,1]]",0.03125,1.0,provisional_common_1_over_q_target,unresolved_balanced_frontier,../open_problem_forr4_passive_floor_consolidation_round_3/notes/high_degree_record_incidence_frontier.md,0.0038359129329309607,0.00011987227915409252
"[1,3,5,1]","[0,3,2,0]",10,5,"[1,3,5,1]","[[1,1,1],[1,3,1]]",0.03125,1.0,provisional_common_1_over_q_target,unresolved_balanced_frontier,../open_problem_forr4_passive_floor_consolidation_round_3/notes/high_degree_record_incidence_frontier.md,0.003703202948475041,0.00011572509213984504
"[1,3,5,1]","[1,0,3,1]",10,5,"[1,3,5,1]","[[1,1,1],[1,3,1]]",0.03125,1.0,provisional_common_1_over_q_target,unresolved_balanced_frontier,../open_problem_forr4_passive_floor_consolidation_round_3/notes/high_degree_record_incidence_frontier.md,0.003703202948475041,0.00011572509213984504
"[1,3,5,1]","[1,0,4,0]",10,5,"[1,3,5,1]","[[1,1,1],[1,3,1]]",0.03125,1.0,provisional_common_1_over_q_target,unresolved_balanced_frontier,../open_problem_forr4_passive_floor_consolidation_round_3/notes/high_degree_record_incidence_frontier.md,0.0038359129329309607,0.00011987227915409252
"[1,3,5,1]","[1,1,2,1]",10,5,"[1,3,5,1]","[[1,1,1],[1,3,1]]",0.04624259624455661,1.4797630798258115,proved_arbitrary_upper,double_endpoint_cubic_quintic_row,../open_problem_forr4_passive_floor_consolidation_round_3/notes/double_endpoint_cubic_quintic_row_contraction.md,0.007494875256279837,0.00034658249037946626
"[1,3,5,1]","[1,1,3,0]",10,5,"[1,3,5,1]","[[1,1,1],[1,3,1]]",0.02852815229229594,0.91290087335347,proved_arbitrary_upper,middle_cubic_quintic_pair,../open_problem_forr4_passive_floor_consolidation_round_3/notes/middle_cubic_quintic_pair_contraction.md,0.008067086367195253,0.00023013906843845057
"[1,3,5,1]","[1,2,1,1]",10,5,"[1,3,5,1]","[[1,1,1],[1,3,1]]",0.03125,1.0,provisional_common_1_over_q_target,unresolved_balanced_frontier,../open_problem_forr4_passive_floor_consolidation_round_3/notes/high_degree_record_incidence_frontier.md,0.006172727011401709,0.0001928977191063034
"[1,3,5,1]","[1,2,2,0]",10,5,"[1,3,5,1]","[[1,1,1],[1,3,1]]",0.03125,1.0,provisional_common_1_over_q_target,unresolved_balanced_frontier,../open_problem_forr4_passive_floor_consolidation_round_3/notes/high_degree_record_incidence_frontier.md,0.006926104612933261,0.0002164407691541644
"[1,3,5,1]","[1,3,0,1]",10,5,"[1,3,5,1]","[[1,1,1],[1,3,1]]",0.03125,1.0,provisional_common_1_over_q_target,unresolved_balanced_frontier,../open_problem_forr4_passive_floor_consolidation_round_3/notes/high_degree_record_incidence_frontier.md,0.0011970473192045113,3.740772872514098e-05
"[1,3,5,1]","[1,3,1,0]",10,5,"[1,3,5,1]","[[1,1,1],[1,3,1]]",0.03125,1.0,provisional_common_1_over_q_target,unresolved_balanced_frontier,../open_problem_forr4_passive_floor_consolidation_round_3/notes/high_degree_record_incidence_frontier.md,0.002890328641645105,9.032277005140953e-05
"[1,3,5,3]","[0,0,3,3]",12,6,"[1,3,5,3]","[[1,1,1],[1,1,3],[1,3,1],[1,3,3]]",0.03125,1.0,provisional_common_1_over_q_target,unresolved_balanced_frontier,../open_problem_forr4_passive_floor_consolidation_round_3/notes/high_degree_record_incidence_frontier.md,0.0007898094305567825,2.4681544704899454e-05
"[1,3,5,3]","[0,0,4,2]",12,6,"[1,3,5,3]","[[1,1,1],[1,1,3],[1,3,1],[1,3,3]]",0.03125,1.0,provisional_common_1_over_q_target,unresolved_balanced_frontier,../open_problem_forr4_passive_floor_consolidation_round_3/notes/high_degree_record_incidence_frontier.md,2.2484806548165438e-24,7.026502046301699e-26
"[1,3,5,3]","[0,0,5,1]",12,6,"[1,3,5,3]","[[1,1,1],[1,1,3],[1,3,1],[1,3,3]]",0.03125,1.0,provisional_common_1_over_q_target,unresolved_balanced_frontier,../open_problem_forr4_passive_floor_consolidation_round_3/notes/high_degree_record_incidence_frontier.md,0.0005140706141918214,1.6064706693494418e-05
"[1,3,5,3]","[0,1,2,3]",12,6,"[1,3,5,3]","[[1,1,1],[1,1,3],[1,3,1],[1,3,3]]",0.03125,1.0,provisional_common_1_over_q_target,unresolved_balanced_frontier,../open_problem_forr4_passive_floor_consolidation_round_3/notes/high_degree_record_incidence_frontier.md,1.3373904410754747e-23,4.179345128360858e-25
"[1,3,5,3]","[0,1,3,2]",12,6,"[1,3,5,3]","[[1,1,1],[1,1,3],[1,3,1],[1,3,3]]",0.03125,1.0,provisional_common_1_over_q_target,unresolved_balanced_frontier,../open_problem_forr4_passive_floor_consolidation_round_3/notes/high_degree_record_incidence_frontier.md,3.0130486302776473e-22,9.415776969617648e-24
"[1,3,5,3]","[0,1,4,1]",12,6,"[1,3,5,3]","[[1,1,1],[1,1,3],[1,3,1],[1,3,3]]",0.03125,1.0,provisional_common_1_over_q_target,unresolved_balanced_frontier,../open_problem_forr4_passive_floor_consolidation_round_3/notes/high_degree_record_incidence_frontier.md,1.7379211016685866e-23,5.431003442714333e-25
"[1,3,5,3]","[0,1,5,0]",12,6,"[1,3,5,3]","[[1,1,1],[1,1,3],[1,3,1],[1,3,3]]",0.03125,1.0,provisional_common_1_over_q_target,unresolved_balanced_frontier,../open_problem_forr4_passive_floor_consolidation_round_3/notes/high_degree_record_incidence_frontier.md,1.0333882017891268e-22,3.2293381305910212e-24
"[1,3,5,3]","[0,2,1,3]",12,6,"[1,3,5,3]","[[1,1,1],[1,1,3],[1,3,1],[1,3,3]]",0.03125,1.0,provisional_common_1_over_q_target,unresolved_balanced_frontier,../open_problem_forr4_passive_floor_consolidation_round_3/notes/high_degree_record_incidence_frontier.md,0.001771582278960594,5.5361946217518564e-05
"[1,3,5,3]","[0,2,2,2]",12,6,"[1,3,5,3]","[[1,1,1],[1,1,3],[1,3,1],[1,3,3]]",0.03125,1.0,provisional_common_1_over_q_target,unresolved_balanced_frontier,../open_problem_forr4_passive_floor_consolidation_round_3/notes/high_degree_record_incidence_frontier.md,6.728860957183341e-24,2.102769049119794e-25
"[1,3,5,3]","[0,2,3,1]",12,6,"[1,3,5,3]","[[1,1,1],[1,1,3],[1,3,1],[1,3,3]]",0.03125,1.0,provisional_common_1_over_q_target,unresolved_balanced_frontier,../open_problem_forr4_passive_floor_consolidation_round_3/notes/high_degree_record_incidence_frontier.md,0.0032186656821948127,0.0001005833025685879
"[1,3,5,3]","[0,2,4,0]",12,6,"[1,3,5,3]","[[1,1,1],[1,1,3],[1,3,1],[1,3,3]]",0.03125,1.0,provisional_common_1_over_q_target,unresolved_balanced_frontier,../open_problem_forr4_passive_floor_consolidation_round_3/notes/high_degree_record_incidence_frontier.md,4.545988938033956e-24,1.4206215431356112e-25
"[1,3,5,3]","[0,3,0,3]",12,6,"[1,3,5,3]","[[1,1,1],[1,1,3],[1,3,1],[1,3,3]]",0.03125,1.0,provisional_common_1_over_q_target,unresolved_balanced_frontier,../open_problem_forr4_passive_floor_consolidation_round_3/notes/high_degree_record_incidence_frontier.md,2.3812084953573733e-24,7.441276547991792e-26
"[1,3,5,3]","[0,3,1,2]",12,6,"[1,3,5,3]","[[1,1,1],[1,1,3],[1,3,1],[1,3,3]]",0.03125,1.0,provisional_common_1_over_q_target,unresolved_balanced_frontier,../open_problem_forr4_passive_floor_consolidation_round_3/notes/high_degree_record_incidence_frontier.md,1.3556189950560083e-22,4.236309359550026e-24
"[1,3,5,3]","[0,3,2,1]",12,6,"[1,3,5,3]","[[1,1,1],[1,1,3],[1,3,1],[1,3,3]]",0.03125,1.0,provisional_common_1_over_q_target,unresolved_balanced_frontier,../open_problem_forr4_passive_floor_consolidation_round_3/notes/high_degree_record_incidence_frontier.md,1.1261706551046808e-23,3.5192832972021277e-25
"[1,3,5,3]","[0,3,3,0]",12,6,"[1,3,5,3]","[[1,1,1],[1,1,3],[1,3,1],[1,3,3]]",0.03125,1.0,provisional_common_1_over_q_target,unresolved_balanced_frontier,../open_problem_forr4_passive_floor_consolidation_round_3/notes/high_degree_record_incidence_frontier.md,1.2757428750229163e-22,3.9866964844466136e-24
"[1,3,5,3]","[1,0,2,3]",12,6,"[1,3,5,3]","[[1,1,1],[1,1,3],[1,3,1],[1,3,3]]",0.03125,1.0,provisional_common_1_over_q_target,unresolved_balanced_frontier,../open_problem_forr4_passive_floor_consolidation_round_3/notes/high_degree_record_incidence_frontier.md,1.2757428750229163e-22,3.9866964844466136e-24
"[1,3,5,3]","[1,0,3,2]",12,6,"[1,3,5,3]","[[1,1,1],[1,1,3],[1,3,1],[1,3,3]]",0.03125,1.0,provisional_common_1_over_q_target,unresolved_balanced_frontier,../open_problem_forr4_passive_floor_consolidation_round_3/notes/high_degree_record_incidence_frontier.md,1.1261706551046808e-23,3.5192832972021277e-25
"[1,3,5,3]","[1,0,4,1]",12,6,"[1,3,5,3]","[[1,1,1],[1,1,3],[1,3,1],[1,3,3]]",0.03125,1.0,provisional_common_1_over_q_target,unresolved_balanced_frontier,../open_problem_forr4_passive_floor_consolidation_round_3/notes/high_degree_record_incidence_frontier.md,1.3556189950560083e-22,4.236309359550026e-24
"[1,3,5,3]","[1,0,5,0]",12,6,"[1,3,5,3]","[[1,1,1],[1,1,3],[1,3,1],[1,3,3]]",0.03125,1.0,provisional_common_1_over_q_target,unresolved_balanced_frontier,../open_problem_forr4_passive_floor_consolidation_round_3/notes/high_degree_record_incidence_frontier.md,2.3812084953573733e-24,7.441276547991792e-26
"[1,3,5,3]","[1,1,1,3]",12,6,"[1,3,5,3]","[[1,1,1],[1,1,3],[1,3,1],[1,3,3]]",0.03125,1.0,provisional_common_1_over_q_target,unresolved_balanced_frontier,../open_problem_forr4_passive_floor_consolidation_round_3/notes/high_degree_record_incidence_frontier.md,4.545988938033956e-24,1.4206215431356112e-25
"[1,3,5,3]","[1,1,2,2]",12,6,"[1,3,5,3]","[[1,1,1],[1,1,3],[1,3,1],[1,3,3]]",0.03125,1.0,provisional_common_1_over_q_target,unresolved_balanced_frontier,../open_problem_forr4_passive_floor_consolidation_round_3/notes/high_degree_record_incidence_frontier.md,0.0032186656821948127,0.0001005833025685879
"[1,3,5,3]","[1,1,3,1]",12,6,"[1,3,5,3]","[[1,1,1],[1,1,3],[1,3,1],[1,3,3]]",0.03125,1.0,provisional_common_1_over_q_target,unresolved_balanced_frontier,../open_problem_forr4_passive_floor_consolidation_round_3/notes/high_degree_record_incidence_frontier.md,6.728860957183341e-24,2.102769049119794e-25
"[1,3,5,3]","[1,1,4,0]",12,6,"[1,3,5,3]","[[1,1,1],[1,1,3],[1,3,1],[1,3,3]]",0.03125,1.0,provisional_common_1_over_q_target,unresolved_balanced_frontier,../open_problem_forr4_passive_floor_consolidation_round_3/notes/high_degree_record_incidence_frontier.md,0.001771582278960594,5.5361946217518564e-05
"[1,3,5,3]","[1,2,0,3]",12,6,"[1,3,5,3]","[[1,1,1],[1,1,3],[1,3,1],[1,3,3]]",0.03125,1.0,provisional_common_1_over_q_target,unresolved_balanced_frontier,../open_problem_forr4_passive_floor_consolidation_round_3/notes/high_degree_record_incidence_frontier.md,1.0333882017891268e-22,3.2293381305910212e-24
"[1,3,5,3]","[1,2,1,2]",12,6,"[1,3,5,3]","[[1,1,1],[1,1,3],[1,3,1],[1,3,3]]",0.03125,1.0,provisional_common_1_over_q_target,unresolved_balanced_frontier,../open_problem_forr4_passive_floor_consolidation_round_3/notes/high_degree_record_incidence_frontier.md,1.7379211016685866e-23,5.431003442714333e-25
"[1,3,5,3]","[1,2,2,1]",12,6,"[1,3,5,3]","[[1,1,1],[1,1,3],[1,3,1],[1,3,3]]",0.03125,1.0,provisional_common_1_over_q_target,unresolved_balanced_frontier,../open_problem_forr4_passive_floor_consolidation_round_3/notes/high_degree_record_incidence_frontier.md,3.0130486302776473e-22,9.415776969617648e-24
"[1,3,5,3]","[1,2,3,0]",12,6,"[1,3,5,3]","[[1,1,1],[1,1,3],[1,3,1],[1,3,3]]",0.03125,1.0,provisional_common_1_over_q_target,unresolved_balanced_frontier,../open_problem_forr4_passive_floor_consolidation_round_3/notes/high_degree_record_incidence_frontier.md,1.3373904410754747e-23,4.179345128360858e-25
"[1,3,5,3]","[1,3,0,2]",12,6,"[1,3,5,3]","[[1,1,1],[1,1,3],[1,3,1],[1,3,3]]",0.03125,1.0,provisional_common_1_over_q_target,unresolved_balanced_frontier,../open_problem_forr4_passive_floor_consolidation_round_3/notes/high_degree_record_incidence_frontier.md,0.0005140706141918214,1.6064706693494418e-05
"[1,3,5,3]","[1,3,1,1]",12,6,"[1,3,5,3]","[[1,1,1],[1,1,3],[1,3,1],[1,3,3]]",0.03125,1.0,provisional_common_1_over_q_target,unresolved_balanced_frontier,../open_problem_forr4_passive_floor_consolidation_round_3/notes/high_degree_record_incidence_frontier.md,2.2484806548165438e-24,7.026502046301699e-26
"[1,3,5,3]","[1,3,2,0]",12,6,"[1,3,5,3]","[[1,1,1],[1,1,3],[1,3,1],[1,3,3]]",0.03125,1.0,provisional_common_1_over_q_target,unresolved_balanced_frontier,../open_problem_forr4_passive_floor_consolidation_round_3/notes/high_degree_record_incidence_frontier.md,0.0007898094305567825,2.4681544704899454e-05
"[1,3,7,1]","[0,0,5,1]",12,6,"[1,3,7,1]","[[1,1,1],[1,3,1]]",0.03125,1.0,provisional_common_1_over_q_target,unresolved_balanced_frontier,../open_problem_forr4_passive_floor_consolidation_round_3/notes/high_degree_record_incidence_frontier.md,0.0005551031413196639,1.7346973166239497e-05
"[1,3,7,1]","[0,0,6,0]",12,6,"[1,3,7,1]","[[1,1,1],[1,3,1]]",0.03125,1.0,provisional_common_1_over_q_target,unresolved_balanced_frontier,../open_problem_forr4_passive_floor_consolidation_round_3/notes/high_degree_record_incidence_frontier.md,1.1564037108862838e-24,3.613761596519637e-26
"[1,3,7,1]","[0,1,4,1]",12,6,"[1,3,7,1]","[[1,1,1],[1,3,1]]",0.03125,1.0,provisional_common_1_over_q_target,unresolved_balanced_frontier,../open_problem_forr4_passive_floor_consolidation_round_3/notes/high_degree_record_incidence_frontier.md,9.466849609892381e-24,2.958390503091369e-25
"[1,3,7,1]","[0,1,5,0]",12,6,"[1,3,7,1]","[[1,1,1],[1,3,1]]",0.03125,1.0,provisional_common_1_over_q_target,unresolved_balanced_frontier,../open_problem_forr4_passive_floor_consolidation_round_3/notes/high_degree_record_incidence_frontier.md,1.2649811347785197e-22,3.953066046182874e-24
"[1,3,7,1]","[0,2,3,1]",12,6,"[1,3,7,1]","[[1,1,1],[1,3,1]]",0.03125,1.0,provisional_common_1_over_q_target,unresolved_balanced_frontier,../open_problem_forr4_passive_floor_consolidation_round_3/notes/high_degree_record_incidence_frontier.md,0.0014143358245502203,4.4197994517194384e-05
"[1,3,7,1]","[0,2,4,0]",12,6,"[1,3,7,1]","[[1,1,1],[1,3,1]]",0.03125,1.0,provisional_common_1_over_q_target,unresolved_balanced_frontier,../open_problem_forr4_passive_floor_consolidation_round_3/notes/high_degree_record_incidence_frontier.md,3.049345507706732e-24,9.529204711583538e-26
"[1,3,7,1]","[0,3,2,1]",12,6,"[1,3,7,1]","[[1,1,1],[1,3,1]]",0.03125,1.0,provisional_common_1_over_q_target,unresolved_balanced_frontier,../open_problem_forr4_passive_floor_consolidation_round_3/notes/high_degree_record_incidence_frontier.md,4.628213112289674e-24,1.4463165975905232e-25
"[1,3,7,1]","[0,3,3,0]",12,6,"[1,3,7,1]","[[1,1,1],[1,3,1]]",0.03125,1.0,provisional_common_1_over_q_target,unresolved_balanced_frontier,../open_problem_forr4_passive_floor_consolidation_round_3/notes/high_degree_record_incidence_frontier.md,7.495340253389781e-23,2.3422938291843064e-24
"[1,3,7,1]","[1,0,4,1]",12,6,"[1,3,7,1]","[[1,1,1],[1,3,1]]",0.03125,1.0,provisional_common_1_over_q_target,unresolved_balanced_frontier,../open_problem_forr4_passive_floor_consolidation_round_3/notes/high_degree_record_incidence_frontier.md,7.495340253389781e-23,2.3422938291843064e-24
"[1,3,7,1]","[1,0,5,0]",12,6,"[1,3,7,1]","[[1,1,1],[1,3,1]]",0.03125,1.0,provisional_common_1_over_q_target,unresolved_balanced_frontier,../open_problem_forr4_passive_floor_consolidation_round_3/notes/high_degree_record_incidence_frontier.md,4.628213112289674e-24,1.4463165975905232e-25
"[1,3,7,1]","[1,1,3,1]",12,6,"[1,3,7,1]","[[1,1,1],[1,3,1]]",0.03125,1.0,provisional_common_1_over_q_target,unresolved_balanced_frontier,../open_problem_forr4_passive_floor_consolidation_round_3/notes/high_degree_record_incidence_frontier.md,3.049345507706732e-24,9.529204711583538e-26
"[1,3,7,1]","[1,1,4,0]",12,6,"[1,3,7,1]","[[1,1,1],[1,3,1]]",0.03125,1.0,provisional_common_1_over_q_target,unresolved_balanced_frontier,../open_problem_forr4_passive_floor_consolidation_round_3/notes/high_degree_record_incidence_frontier.md,0.0014143358245502203,4.4197994517194384e-05
"[1,3,7,1]","[1,2,2,1]",12,6,"[1,3,7,1]","[[1,1,1],[1,3,1]]",0.03125,1.0,provisional_common_1_over_q_target,unresolved_balanced_frontier,../open_problem_forr4_passive_floor_consolidation_round_3/notes/high_degree_record_incidence_frontier.md,1.2649811347785197e-22,3.953066046182874e-24
"[1,3,7,1]","[1,2,3,0]",12,6,"[1,3,7,1]","[[1,1,1],[1,3,1]]",0.03125,1.0,provisional_common_1_over_q_target,unresolved_balanced_frontier,../open_problem_forr4_passive_floor_consolidation_round_3/notes/high_degree_record_incidence_frontier.md,9.466849609892381e-24,2.958390503091369e-25
"[1,3,7,1]","[1,3,1,1]",12,6,"[1,3,7,1]","[[1,1,1],[1,3,1]]",0.03125,1.0,provisional_common_1_over_q_target,unresolved_balanced_frontier,../open_problem_forr4_passive_floor_consolidation_round_3/notes/high_degree_record_incidence_frontier.md,1.1564037108862838e-24,3.613761596519637e-26
"[1,3,7,1]","[1,3,2,0]",12,6,"[1,3,7,1]","[[1,1,1],[1,3,1]]",0.03125,1.0,provisional_common_1_over_q_target,unresolved_balanced_frontier,../open_problem_forr4_passive_floor_consolidation_round_3/notes/high_degree_record_incidence_frontier.md,0.0005551031413196639,1.7346973166239497e-05
"[1,5,1,5]","[0,0,1,5]",12,6,"[1,5,1,5]","[[1,1,1]]",0.03125,1.0,provisional_common_1_over_q_target,unresolved_balanced_frontier,../open_problem_forr4_passive_floor_consolidation_round_3/notes/high_degree_record_incidence_frontier.md,0.0003931035949162031,1.2284487341131347e-05
"[1,5,1,5]","[0,1,0,5]",12,6,"[1,5,1,5]","[[1,1,1]]",0.03125,1.0,provisional_common_1_over_q_target,unresolved_balanced_frontier,../open_problem_forr4_passive_floor_consolidation_round_3/notes/high_degree_record_incidence_frontier.md,8.668328593912092e-24,2.7088526855975287e-25
"[1,5,1,5]","[0,1,1,4]",12,6,"[1,5,1,5]","[[1,1,1]]",0.03125,1.0,provisional_common_1_over_q_target,unresolved_balanced_frontier,../open_problem_forr4_passive_floor_consolidation_round_3/notes/high_degree_record_incidence_frontier.md,1.7895138895911111e-22,5.592230904972222e-24
"[1,5,1,5]","[0,2,0,4]",12,6,"[1,5,1,5]","[[1,1,1]]",0.03125,1.0,provisional_common_1_over_q_target,unresolved_balanced_frontier,../open_problem_forr4_passive_floor_consolidation_round_3/notes/high_degree_record_incidence_frontier.md,5.056794598361742e-24,1.5802483119880444e-25
"[1,5,1,5]","[0,2,1,3]",12,6,"[1,5,1,5]","[[1,1,1]]",0.03125,1.0,provisional_common_1_over_q_target,unresolved_balanced_frontier,../open_problem_forr4_passive_floor_consolidation_round_3/notes/high_degree_record_incidence_frontier.md,0.0019920386460172525,6.225120768803914e-05
"[1,5,1,5]","[0,3,0,3]",12,6,"[1,5,1,5]","[[1,1,1]]",0.03125,1.0,provisional_common_1_over_q_target,unresolved_balanced_frontier,../open_problem_forr4_passive_floor_consolidation_round_3/notes/high_degree_record_incidence_frontier.md,1.1828688236009973e-23,3.6964650737531166e-25
"[1,5,1,5]","[0,3,1,2]",12,6,"[1,5,1,5]","[[1,1,1]]",0.03125,1.0,provisional_common_1_over_q_target,unresolved_balanced_frontier,../open_problem_forr4_passive_floor_consolidation_round_3/notes/high_degree_record_incidence_frontier.md,2.663014255439214e-22,8.321919548247543e-24
"[1,5,1,5]","[0,4,0,2]",12,6,"[1,5,1,5]","[[1,1,1]]",0.03125,1.0,provisional_common_1_over_q_target,unresolved_balanced_frontier,../open_problem_forr4_passive_floor_consolidation_round_3/notes/high_degree_record_incidence_frontier.md,3.720885527068825e-24,1.162776727209008e-25
"[1,5,1,5]","[0,4,1,1]",12,6,"[1,5,1,5]","[[1,1,1]]",0.03125,1.0,provisional_common_1_over_q_target,unresolved_balanced_frontier,../open_problem_forr4_passive_floor_consolidation_round_3/notes/high_degree_record_incidence_frontier.md,0.002405738451001956,7.517932659381112e-05
"[1,5,1,5]","[0,5,0,1]",12,6,"[1,5,1,5]","[[1,1,1]]",0.03125,1.0,provisional_common_1_over_q_target,unresolved_balanced_frontier,../open_problem_forr4_passive_floor_consolidation_round_3/notes/high_degree_record_incidence_frontier.md,6.223840304159687e-24,1.944950095049902e-25
"[1,5,1,5]","[0,5,1,0]",12,6,"[1,5,1,5]","[[1,1,1]]",0.03125,1.0,provisional_common_1_over_q_target,unresolved_balanced_frontier,../open_problem_forr4_passive_floor_consolidation_round_3/notes/high_degree_record_incidence_frontier.md,8.701094084495803e-23,2.7190919014049385e-24
"[1,5,1,5]","[1,0,0,5]",12,6,"[1,5,1,5]","[[1,1,1]]",0.03125,1.0,provisional_common_1_over_q_target,unresolved_balanced_frontier,../open_problem_forr4_passive_floor_consolidation_round_3/notes/high_degree_record_incidence_frontier.md,8.701094084495803e-23,2.7190919014049385e-24
"[1,5,1,5]","[1,0,1,4]",12,6,"[1,5,1,5]","[[1,1,1]]",0.03125,1.0,provisional_common_1_over_q_target,unresolved_balanced_frontier,../open_problem_forr4_passive_floor_consolidation_round_3/notes/high_degree_record_incidence_frontier.md,6.223840304159687e-24,1.944950095049902e-25
"[1,5,1,5]","[1,1,0,4]",12,6,"[1,5,1,5]","[[1,1,1]]",0.03125,1.0,provisional_common_1_over_q_target,unresolved_balanced_frontier,../open_problem_forr4_passive_floor_consolidation_round_3/notes/high_degree_record_incidence_frontier.md,0.002405738451001956,7.517932659381112e-05
"[1,5,1,5]","[1,1,1,3]",12,6,"[1,5,1,5]","[[1,1,1]]",0.03125,1.0,provisional_common_1_over_q_target,unresolved_balanced_frontier,../open_problem_forr4_passive_floor_consolidation_round_3/notes/high_degree_record_incidence_frontier.md,3.720885527068825e-24,1.162776727209008e-25
"[1,5,1,5]","[1,2,0,3]",12,6,"[1,5,1,5]","[[1,1,1]]",0.03125,1.0,provisional_common_1_over_q_target,unresolved_balanced_frontier,../open_problem_forr4_passive_floor_consolidation_round_3/notes/high_degree_record_incidence_frontier.md,2.663014255439214e-22,8.321919548247543e-24
"[1,5,1,5]","[1,2,1,2]",12,6,"[1,5,1,5]","[[1,1,1]]",0.03125,1.0,provisional_common_1_over_q_target,unresolved_balanced_frontier,../open_problem_forr4_passive_floor_consolidation_round_3/notes/high_degree_record_incidence_frontier.md,1.1828688236009973e-23,3.6964650737531166e-25
"[1,5,1,5]","[1,3,0,2]",12,6,"[1,5,1,5]","[[1,1,1]]",0.03125,1.0,provisional_common_1_over_q_target,unresolved_balanced_frontier,../open_problem_forr4_passive_floor_consolidation_round_3/notes/high_degree_record_incidence_frontier.md,0.0019920386460172525,6.225120768803914e-05
"[1,5,1,5]","[1,3,1,1]",12,6,"[1,5,1,5]","[[1,1,1]]",0.03125,1.0,provisional_common_1_over_q_target,unresolved_balanced_frontier,../open_problem_forr4_passive_floor_consolidation_round_3/notes/high_degree_record_incidence_frontier.md,5.056794598361742e-24,1.5802483119880444e-25
"[1,5,1,5]","[1,4,0,1]",12,6,"[1,5,1,5]","[[1,1,1]]",0.03125,1.0,provisional_common_1_over_q_target,unresolved_balanced_frontier,../open_problem_forr4_passive_floor_consolidation_round_3/notes/high_degree_record_incidence_frontier.md,1.7895138895911111e-22,5.592230904972222e-24
"[1,5,1,5]","[1,4,1,0]",12,6,"[1,5,1,5]","[[1,1,1]]",0.03125,1.0,provisional_common_1_over_q_target,unresolved_balanced_frontier,../open_problem_forr4_passive_floor_consolidation_round_3/notes/high_degree_record_incidence_frontier.md,8.668328593912092e-24,2.7088526855975287e-25
"[1,5,1,5]","[1,5,0,0]",12,6,"[1,5,1,5]","[[1,1,1]]",0.03125,1.0,provisional_common_1_over_q_target,unresolved_balanced_frontier,../open_problem_forr4_passive_floor_consolidation_round_3/notes/high_degree_record_incidence_frontier.md,0.0003931035949162031,1.2284487341131347e-05
"[1,5,3,1]","[0,1,3,1]",10,5,"[1,3,5,1]","[[1,1,1],[1,3,1]]",0.03125,1.0,provisional_common_1_over_q_target,unresolved_balanced_frontier,../open_problem_forr4_passive_floor_consolidation_round_3/notes/high_degree_record_incidence_frontier.md,0.002890328641645103,9.032277005140947e-05
"[1,5,3,1]","[0,2,2,1]",10,5,"[1,3,5,1]","[[1,1,1],[1,3,1]]",0.03125,1.0,provisional_common_1_over_q_target,unresolved_balanced_frontier,../open_problem_forr4_passive_floor_consolidation_round_3/notes/high_degree_record_incidence_frontier.md,0.006926104612933261,0.0002164407691541644
"[1,5,3,1]","[0,2,3,0]",10,5,"[1,3,5,1]","[[1,1,1],[1,3,1]]",0.03125,1.0,provisional_common_1_over_q_target,unresolved_balanced_frontier,../open_problem_forr4_passive_floor_consolidation_round_3/notes/high_degree_record_incidence_frontier.md,0.00370320294847504,0.000115725092139845
"[1,5,3,1]","[0,3,1,1]",10,5,"[1,3,5,1]","[[1,1,1],[1,3,1]]",0.02852815229229594,0.91290087335347,proved_arbitrary_upper,middle_cubic_quintic_pair,../open_problem_forr4_passive_floor_consolidation_round_3/notes/middle_cubic_quintic_pair_contraction.md,0.008067086367195258,0.0002301390684384507
"[1,5,3,1]","[0,3,2,0]",10,5,"[1,3,5,1]","[[1,1,1],[1,3,1]]",0.04624259624455661,1.4797630798258115,proved_arbitrary_upper,double_endpoint_cubic_quintic_row,../open_problem_forr4_passive_floor_consolidation_round_3/notes/double_endpoint_cubic_quintic_row_contraction.md,0.00749487525627984,0.00034658249037946637
"[1,5,3,1]","[0,4,0,1]",10,5,"[1,3,5,1]","[[1,1,1],[1,3,1]]",0.03125,1.0,provisional_common_1_over_q_target,unresolved_balanced_frontier,../open_problem_forr4_passive_floor_consolidation_round_3/notes/high_degree_record_incidence_frontier.md,0.0038359129329309607,0.00011987227915409252
"[1,5,3,1]","[0,4,1,0]",10,5,"[1,3,5,1]","[[1,1,1],[1,3,1]]",0.03125,1.0,provisional_common_1_over_q_target,unresolved_balanced_frontier,../open_problem_forr4_passive_floor_consolidation_round_3/notes/high_degree_record_incidence_frontier.md,0.00617272701140171,0.00019289771910630343
"[1,5,3,1]","[0,5,0,0]",10,5,"[1,3,5,1]","[[1,1,1],[1,3,1]]",0.03125,1.0,provisional_common_1_over_q_target,unresolved_balanced_frontier,../open_problem_forr4_passive_floor_consolidation_round_3/notes/high_degree_record_incidence_frontier.md,0.001197047319204511,3.740772872514097e-05
"[1,5,3,1]","[1,0,3,1]",10,5,"[1,3,5,1]","[[1,1,1],[1,3,1]]",0.03125,1.0,provisional_common_1_over_q_target,unresolved_balanced_frontier,../open_problem_forr4_passive_floor_consolidation_round_3/notes/high_degree_record_incidence_frontier.md,0.001197047319204511,3.740772872514097e-05
"[1,5,3,1]","[1,1,2,1]",10,5,"[1,3,5,1]","[[1,1,1],[1,3,1]]",0.03125,1.0,provisional_common_1_over_q_target,unresolved_balanced_frontier,../open_problem_forr4_passive_floor_consolidation_round_3/notes/high_degree_record_incidence_frontier.md,0.00617272701140171,0.00019289771910630343
"[1,5,3,1]","[1,1,3,0]",10,5,"[1,3,5,1]","[[1,1,1],[1,3,1]]",0.03125,1.0,provisional_common_1_over_q_target,unresolved_balanced_frontier,../open_problem_forr4_passive_floor_consolidation_round_3/notes/high_degree_record_incidence_frontier.md,0.0038359129329309607,0.00011987227915409252
"[1,5,3,1]","[1,2,1,1]",10,5,"[1,3,5,1]","[[1,1,1],[1,3,1]]",0.04624259624455661,1.4797630798258115,proved_arbitrary_upper,double_endpoint_cubic_quintic_row,../open_problem_forr4_passive_floor_consolidation_round_3/notes/double_endpoint_cubic_quintic_row_contraction.md,0.00749487525627984,0.00034658249037946637
"[1,5,3,1]","[1,2,2,0]",10,5,"[1,3,5,1]","[[1,1,1],[1,3,1]]",0.02852815229229594,0.91290087335347,proved_arbitrary_upper,middle_cubic_quintic_pair,../open_problem_forr4_passive_floor_consolidation_round_3/notes/middle_cubic_quintic_pair_contraction.md,0.008067086367195258,0.0002301390684384507
"[1,5,3,1]","[1,3,0,1]",10,5,"[1,3,5,1]","[[1,1,1],[1,3,1]]",0.03125,1.0,provisional_common_1_over_q_target,unresolved_balanced_frontier,../open_problem_forr4_passive_floor_consolidation_round_3/notes/high_degree_record_incidence_frontier.md,0.00370320294847504,0.000115725092139845
"[1,5,3,1]","[1,3,1,0]",10,5,"[1,3,5,1]","[[1,1,1],[1,3,1]]",0.03125,1.0,provisional_common_1_over_q_target,unresolved_balanced_frontier,../open_problem_forr4_passive_floor_consolidation_round_3/notes/high_degree_record_incidence_frontier.md,0.006926104612933261,0.0002164407691541644
"[1,5,3,1]","[1,4,0,0]",10,5,"[1,3,5,1]","[[1,1,1],[1,3,1]]",0.03125,1.0,provisional_common_1_over_q_target,unresolved_balanced_frontier,../open_problem_forr4_passive_floor_consolidation_round_3/notes/high_degree_record_incidence_frontier.md,0.002890328641645103,9.032277005140947e-05
"[1,5,3,3]","[0,0,3,3]",12,6,"[1,5,3,3]","[[1,1,1],[1,1,3],[1,3,1],[1,3,3]]",0.03125,1.0,provisional_common_1_over_q_target,unresolved_balanced_frontier,../open_problem_forr4_passive_floor_consolidation_round_3/notes/high_degree_record_incidence_frontier.md,0.0002553031185935312,7.97822245604785e-06
"[1,5,3,3]","[0,1,2,3]",12,6,"[1,5,3,3]","[[1,1,1],[1,1,3],[1,3,1],[1,3,3]]",0.03125,1.0,provisional_common_1_over_q_target,unresolved_balanced_frontier,../open_problem_forr4_passive_floor_consolidation_round_3/notes/high_degree_record_incidence_frontier.md,1.010964732843625e-23,3.1592647901363283e-25
"[1,5,3,3]","[0,1,3,2]",12,6,"[1,5,3,3]","[[1,1,1],[1,1,3],[1,3,1],[1,3,3]]",0.03125,1.0,provisional_common_1_over_q_target,unresolved_balanced_frontier,../open_problem_forr4_passive_floor_consolidation_round_3/notes/high_degree_record_incidence_frontier.md,1.252995549700668e-22,3.915611092814587e-24
"[1,5,3,3]","[0,2,1,3]",12,6,"[1,5,3,3]","[[1,1,1],[1,1,3],[1,3,1],[1,3,3]]",0.03125,1.0,provisional_common_1_over_q_target,unresolved_balanced_frontier,../open_problem_forr4_passive_floor_consolidation_round_3/notes/high_degree_record_incidence_frontier.md,0.00215104088719946,6.722002772498313e-05
"[1,5,3,3]","[0,2,2,2]",12,6,"[1,5,3,3]","[[1,1,1],[1,1,3],[1,3,1],[1,3,3]]",0.03125,1.0,provisional_common_1_over_q_target,unresolved_balanced_frontier,../open_problem_forr4_passive_floor_consolidation_round_3/notes/high_degree_record_incidence_frontier.md,6.728862182238647e-24,2.102769431949577e-25
"[1,5,3,3]","[0,2,3,1]",12,6,"[1,5,3,3]","[[1,1,1],[1,1,3],[1,3,1],[1,3,3]]",0.03125,1.0,provisional_common_1_over_q_target,unresolved_balanced_frontier,../open_problem_forr4_passive_floor_consolidation_round_3/notes/high_degree_record_incidence_frontier.md,0.0015903363080622596,4.9698009626945614e-05
"[1,5,3,3]","[0,3,0,3]",12,6,"[1,5,3,3]","[[1,1,1],[1,1,3],[1,3,1],[1,3,3]]",0.03125,1.0,provisional_common_1_over_q_target,unresolved_balanced_frontier,../open_problem_forr4_passive_floor_consolidation_round_3/notes/high_degree_record_incidence_frontier.md,6.443354218157353e-24,2.0135481931741728e-25
"[1,5,3,3]","[0,3,1,2]",12,6,"[1,5,3,3]","[[1,1,1],[1,1,3],[1,3,1],[1,3,3]]",0.03125,1.0,provisional_common_1_over_q_target,unresolved_balanced_frontier,../open_problem_forr4_passive_floor_consolidation_round_3/notes/high_degree_record_incidence_frontier.md,3.2598231612714703e-22,1.0186947378973345e-23
"[1,5,3,3]","[0,3,2,1]",12,6,"[1,5,3,3]","[[1,1,1],[1,1,3],[1,3,1],[1,3,3]]",0.03125,1.0,provisional_common_1_over_q_target,unresolved_balanced_frontier,../open_problem_forr4_passive_floor_consolidation_round_3/notes/high_degree_record_incidence_frontier.md,2.299071673136783e-23,7.184598978552447e-25
"[1,5,3,3]","[0,3,3,0]",12,6,"[1,5,3,3]","[[1,1,1],[1,1,3],[1,3,1],[1,3,3]]",0.03125,1.0,provisional_common_1_over_q_target,unresolved_balanced_frontier,../open_problem_forr4_passive_floor_consolidation_round_3/notes/high_degree_record_incidence_frontier.md,1.472404710832463e-22,4.601264721351447e-24
"[1,5,3,3]","[0,4,0,2]",12,6,"[1,5,3,3]","[[1,1,1],[1,1,3],[1,3,1],[1,3,3]]",0.03125,1.0,provisional_common_1_over_q_target,unresolved_balanced_frontier,../open_problem_forr4_passive_floor_consolidation_round_3/notes/high_degree_record_incidence_frontier.md,2.4958849925326347e-24,7.799640601664483e-26
"[1,5,3,3]","[0,4,1,1]",12,6,"[1,5,3,3]","[[1,1,1],[1,1,3],[1,3,1],[1,3,3]]",0.03125,1.0,provisional_common_1_over_q_target,unresolved_balanced_frontier,../open_problem_forr4_passive_floor_consolidation_round_3/notes/high_degree_record_incidence_frontier.md,0.0026508706172939434,8.283970679043573e-05
"[1,5,3,3]","[0,4,2,0]",12,6,"[1,5,3,3]","[[1,1,1],[1,1,3],[1,3,1],[1,3,3]]",0.03125,1.0,provisional_common_1_over_q_target,unresolved_balanced_frontier,../open_problem_forr4_passive_floor_consolidation_round_3/notes/high_degree_record_incidence_frontier.md,4.545989020905841e-24,1.4206215690330754e-25
"[1,5,3,3]","[0,5,0,1]",12,6,"[1,5,3,3]","[[1,1,1],[1,1,3],[1,3,1],[1,3,3]]",0.03125,1.0,provisional_common_1_over_q_target,unresolved_balanced_frontier,../open_problem_forr4_passive_floor_consolidation_round_3/notes/high_degree_record_incidence_frontier.md,4.161881397014254e-24,1.3005879365669543e-25
"[1,5,3,3]","[0,5,1,0]",12,6,"[1,5,3,3]","[[1,1,1],[1,1,3],[1,3,1],[1,3,3]]",0.03125,1.0,provisional_common_1_over_q_target,unresolved_balanced_frontier,../open_problem_forr4_passive_floor_consolidation_round_3/notes/high_degree_record_incidence_frontier.md,8.953640243170884e-23,2.7980125759909014e-24
"[1,5,3,3]","[1,0,2,3]",12,6,"[1,5,3,3]","[[1,1,1],[1,1,3],[1,3,1],[1,3,3]]",0.03125,1.0,provisional_common_1_over_q_target,unresolved_balanced_frontier,../open_problem_forr4_passive_floor_consolidation_round_3/notes/high_degree_record_incidence_frontier.md,8.953640243170884e-23,2.7980125759909014e-24
"[1,5,3,3]","[1,0,3,2]",12,6,"[1,5,3,3]","[[1,1,1],[1,1,3],[1,3,1],[1,3,3]]",0.03125,1.0,provisional_common_1_over_q_target,unresolved_balanced_frontier,../open_problem_forr4_passive_floor_consolidation_round_3/notes/high_degree_record_incidence_frontier.md,4.161881397014254e-24,1.3005879365669543e-25
"[1,5,3,3]","[1,1,1,3]",12,6,"[1,5,3,3]","[[1,1,1],[1,1,3],[1,3,1],[1,3,3]]",0.03125,1.0,provisional_common_1_over_q_target,unresolved_balanced_frontier,../open_problem_forr4_passive_floor_consolidation_round_3/notes/high_degree_record_incidence_frontier.md,4.545989020905841e-24,1.4206215690330754e-25
"[1,5,3,3]","[1,1,2,2]",12,6,"[1,5,3,3]","[[1,1,1],[1,1,3],[1,3,1],[1,3,3]]",0.03125,1.0,provisional_common_1_over_q_target,unresolved_balanced_frontier,../open_problem_forr4_passive_floor_consolidation_round_3/notes/high_degree_record_incidence_frontier.md,0.0026508706172939434,8.283970679043573e-05
"[1,5,3,3]","[1,1,3,1]",12,6,"[1,5,3,3]","[[1,1,1],[1,1,3],[1,3,1],[1,3,3]]",0.03125,1.0,provisional_common_1_over_q_target,unresolved_balanced_frontier,../open_problem_forr4_passive_floor_consolidation_round_3/notes/high_degree_record_incidence_frontier.md,2.4958849925326347e-24,7.799640601664483e-26
"[1,5,3,3]","[1,2,0,3]",12,6,"[1,5,3,3]","[[1,1,1],[1,1,3],[1,3,1],[1,3,3]]",0.03125,1.0,provisional_common_1_over_q_target,unresolved_balanced_frontier,../open_problem_forr4_passive_floor_consolidation_round_3/notes/high_degree_record_incidence_frontier.md,1.472404710832463e-22,4.601264721351447e-24
"[1,5,3,3]","[1,2,1,2]",12,6,"[1,5,3,3]","[[1,1,1],[1,1,3],[1,3,1],[1,3,3]]",0.03125,1.0,provisional_common_1_over_q_target,unresolved_balanced_frontier,../open_problem_forr4_passive_floor_consolidation_round_3/notes/high_degree_record_incidence_frontier.md,2.299071673136783e-23,7.184598978552447e-25
"[1,5,3,3]","[1,2,2,1]",12,6,"[1,5,3,3]","[[1,1,1],[1,1,3],[1,3,1],[1,3,3]]",0.03125,1.0,provisional_common_1_over_q_target,unresolved_balanced_frontier,../open_problem_forr4_passive_floor_consolidation_round_3/notes/high_degree_record_incidence_frontier.md,3.2598231612714703e-22,1.0186947378973345e-23
"[1,5,3,3]","[1,2,3,0]",12,6,"[1,5,3,3]","[[1,1,1],[1,1,3],[1,3,1],[1,3,3]]",0.03125,1.0,provisional_common_1_over_q_target,unresolved_balanced_frontier,../open_problem_forr4_passive_floor_consolidation_round_3/notes/high_degree_record_incidence_frontier.md,6.443354218157353e-24,2.0135481931741728e-25
"[1,5,3,3]","[1,3,0,2]",12,6,"[1,5,3,3]","[[1,1,1],[1,1,3],[1,3,1],[1,3,3]]",0.03125,1.0,provisional_common_1_over_q_target,unresolved_balanced_frontier,../open_problem_forr4_passive_floor_consolidation_round_3/notes/high_degree_record_incidence_frontier.md,0.0015903363080622596,4.9698009626945614e-05
"[1,5,3,3]","[1,3,1,1]",12,6,"[1,5,3,3]","[[1,1,1],[1,1,3],[1,3,1],[1,3,3]]",0.03125,1.0,provisional_common_1_over_q_target,unresolved_balanced_frontier,../open_problem_forr4_passive_floor_consolidation_round_3/notes/high_degree_record_incidence_frontier.md,6.728862182238647e-24,2.102769431949577e-25
"[1,5,3,3]","[1,3,2,0]",12,6,"[1,5,3,3]","[[1,1,1],[1,1,3],[1,3,1],[1,3,3]]",0.03125,1.0,provisional_common_1_over_q_target,unresolved_balanced_frontier,../open_problem_forr4_passive_floor_consolidation_round_3/notes/high_degree_record_incidence_frontier.md,0.00215104088719946,6.722002772498313e-05
"[1,5,3,3]","[1,4,0,1]",12,6,"[1,5,3,3]","[[1,1,1],[1,1,3],[1,3,1],[1,3,3]]",0.03125,1.0,provisional_common_1_over_q_target,unresolved_balanced_frontier,../open_problem_forr4_passive_floor_consolidation_round_3/notes/high_degree_record_incidence_frontier.md,1.252995549700668e-22,3.915611092814587e-24
"[1,5,3,3]","[1,4,1,0]",12,6,"[1,5,3,3]","[[1,1,1],[1,1,3],[1,3,1],[1,3,3]]",0.03125,1.0,provisional_common_1_over_q_target,unresolved_balanced_frontier,../open_problem_forr4_passive_floor_consolidation_round_3/notes/high_degree_record_incidence_frontier.md,1.010964732843625e-23,3.1592647901363283e-25
"[1,5,3,3]","[1,5,0,0]",12,6,"[1,5,3,3]","[[1,1,1],[1,1,3],[1,3,1],[1,3,3]]",0.03125,1.0,provisional_common_1_over_q_target,unresolved_balanced_frontier,../open_problem_forr4_passive_floor_consolidation_round_3/notes/high_degree_record_incidence_frontier.md,0.0002553031185935312,7.97822245604785e-06
"[1,5,5,1]","[0,0,5,1]",12,6,"[1,5,5,1]","[[1,1,1],[1,3,1],[1,5,1]]",0.03125,1.0,provisional_common_1_over_q_target,unresolved_balanced_frontier,../open_problem_forr4_passive_floor_consolidation_round_3/notes/high_degree_record_incidence_frontier.md,0.00017943513667603277,5.607348021126024e-06
"[1,5,5,1]","[0,1,4,1]",12,6,"[1,5,5,1]","[[1,1,1],[1,3,1],[1,5,1]]",0.03125,1.0,provisional_common_1_over_q_target,unresolved_balanced_frontier,../open_problem_forr4_passive_floor_consolidation_round_3/notes/high_degree_record_incidence_frontier.md,7.156213169161954e-24,2.2363166153631107e-25
"[1,5,5,1]","[0,1,5,0]",12,6,"[1,5,5,1]","[[1,1,1],[1,3,1],[1,5,1]]",0.03125,1.0,provisional_common_1_over_q_target,unresolved_balanced_frontier,../open_problem_forr4_passive_floor_consolidation_round_3/notes/high_degree_record_incidence_frontier.md,5.2605049795918153e-23,1.6439078061224423e-24
"[1,5,5,1]","[0,2,3,1]",12,6,"[1,5,5,1]","[[1,1,1],[1,3,1],[1,5,1]]",0.03125,1.0,provisional_common_1_over_q_target,unresolved_balanced_frontier,../open_problem_forr4_passive_floor_consolidation_round_3/notes/high_degree_record_incidence_frontier.md,0.001717275129114202,5.3664847784818814e-05
"[1,5,5,1]","[0,2,4,0]",12,6,"[1,5,5,1]","[[1,1,1],[1,3,1],[1,5,1]]",0.03125,1.0,provisional_common_1_over_q_target,unresolved_balanced_frontier,../open_problem_forr4_passive_floor_consolidation_round_3/notes/high_degree_record_incidence_frontier.md,3.0493460628700674e-24,9.529206446468961e-26
"[1,5,5,1]","[0,3,2,1]",12,6,"[1,5,5,1]","[[1,1,1],[1,3,1],[1,5,1]]",0.03125,1.0,provisional_common_1_over_q_target,unresolved_balanced_frontier,../open_problem_forr4_passive_floor_consolidation_round_3/notes/high_degree_record_incidence_frontier.md,1.252356378609646e-23,3.913613683155144e-25
"[1,5,5,1]","[0,3,3,0]",12,6,"[1,5,5,1]","[[1,1,1],[1,3,1],[1,5,1]]",0.03125,1.0,provisional_common_1_over_q_target,unresolved_balanced_frontier,../open_problem_forr4_passive_floor_consolidation_round_3/notes/high_degree_record_incidence_frontier.md,1.8023857624244118e-22,5.632455507576287e-24
"[1,5,5,1]","[0,4,1,1]",12,6,"[1,5,5,1]","[[1,1,1],[1,3,1],[1,5,1]]",0.03125,1.0,provisional_common_1_over_q_target,unresolved_balanced_frontier,../open_problem_forr4_passive_floor_consolidation_round_3/notes/high_degree_record_incidence_frontier.md,0.0011648371252182307,3.640116016306971e-05
"[1,5,5,1]","[0,4,2,0]",12,6,"[1,5,5,1]","[[1,1,1],[1,3,1],[1,5,1]]",0.03125,1.0,provisional_common_1_over_q_target,unresolved_balanced_frontier,../open_problem_forr4_passive_floor_consolidation_round_3/notes/high_degree_record_incidence_frontier.md,3.0493455632952995e-24,9.529204885297811e-26
"[1,5,5,1]","[0,5,0,1]",12,6,"[1,5,5,1]","[[1,1,1],[1,3,1],[1,5,1]]",0.03125,1.0,provisional_common_1_over_q_target,unresolved_balanced_frontier,../open_problem_forr4_passive_floor_consolidation_round_3/notes/high_degree_record_incidence_frontier.md,1.7104045435871677e-24,5.345014198709899e-26
"[1,5,5,1]","[0,5,1,0]",12,6,"[1,5,5,1]","[[1,1,1],[1,3,1],[1,5,1]]",0.03125,1.0,provisional_common_1_over_q_target,unresolved_balanced_frontier,../open_problem_forr4_passive_floor_consolidation_round_3/notes/high_degree_record_incidence_frontier.md,5.260509891368501e-23,1.6439093410526566e-24
"[1,5,5,1]","[1,0,4,1]",12,6,"[1,5,5,1]","[[1,1,1],[1,3,1],[1,5,1]]",0.03125,1.0,provisional_common_1_over_q_target,unresolved_balanced_frontier,../open_problem_forr4_passive_floor_consolidation_round_3/notes/high_degree_record_incidence_frontier.md,5.260509891368501e-23,1.6439093410526566e-24
"[1,5,5,1]","[1,0,5,0]",12,6,"[1,5,5,1]","[[1,1,1],[1,3,1],[1,5,1]]",0.03125,1.0,provisional_common_1_over_q_target,unresolved_balanced_frontier,../open_problem_forr4_passive_floor_consolidation_round_3/notes/high_degree_record_incidence_frontier.md,1.7104045435871677e-24,5.345014198709899e-26
"[1,5,5,1]","[1,1,3,1]",12,6,"[1,5,5,1]","[[1,1,1],[1,3,1],[1,5,1]]",0.03125,1.0,provisional_common_1_over_q_target,unresolved_balanced_frontier,../open_problem_forr4_passive_floor_consolidation_round_3/notes/high_degree_record_incidence_frontier.md,3.0493455632952995e-24,9.529204885297811e-26
"[1,5,5,1]","[1,1,4,0]",12,6,"[1,5,5,1]","[[1,1,1],[1,3,1],[1,5,1]]",0.03125,1.0,provisional_common_1_over_q_target,unresolved_balanced_frontier,../open_problem_forr4_passive_floor_consolidation_round_3/notes/high_degree_record_incidence_frontier.md,0.0011648371252182307,3.640116016306971e-05
"[1,5,5,1]","[1,2,2,1]",12,6,"[1,5,5,1]","[[1,1,1],[1,3,1],[1,5,1]]",0.03125,1.0,provisional_common_1_over_q_target,unresolved_balanced_frontier,../open_problem_forr4_passive_floor_consolidation_round_3/notes/high_degree_record_incidence_frontier.md,1.8023857624244118e-22,5.632455507576287e-24
"[1,5,5,1]","[1,2,3,0]",12,6,"[1,5,5,1]","[[1,1,1],[1,3,1],[1,5,1]]",0.03125,1.0,provisional_common_1_over_q_target,unresolved_balanced_frontier,../open_problem_forr4_passive_floor_consolidation_round_3/notes/high_degree_record_incidence_frontier.md,1.252356378609646e-23,3.913613683155144e-25
"[1,5,5,1]","[1,3,1,1]",12,6,"[1,5,5,1]","[[1,1,1],[1,3,1],[1,5,1]]",0.03125,1.0,provisional_common_1_over_q_target,unresolved_balanced_frontier,../open_problem_forr4_passive_floor_consolidation_round_3/notes/high_degree_record_incidence_frontier.md,3.0493460628700674e-24,9.529206446468961e-26
"[1,5,5,1]","[1,3,2,0]",12,6,"[1,5,5,1]","[[1,1,1],[1,3,1],[1,5,1]]",0.03125,1.0,provisional_common_1_over_q_target,unresolved_balanced_frontier,../open_problem_forr4_passive_floor_consolidation_round_3/notes/high_degree_record_incidence_frontier.md,0.001717275129114202,5.3664847784818814e-05
"[1,5,5,1]","[1,4,0,1]",12,6,"[1,5,5,1]","[[1,1,1],[1,3,1],[1,5,1]]",0.03125,1.0,provisional_common_1_over_q_target,unresolved_balanced_frontier,../open_problem_forr4_passive_floor_consolidation_round_3/notes/high_degree_record_incidence_frontier.md,5.2605049795918153e-23,1.6439078061224423e-24
"[1,5,5,1]","[1,4,1,0]",12,6,"[1,5,5,1]","[[1,1,1],[1,3,1],[1,5,1]]",0.03125,1.0,provisional_common_1_over_q_target,unresolved_balanced_frontier,../open_problem_forr4_passive_floor_consolidation_round_3/notes/high_degree_record_incidence_frontier.md,7.156213169161954e-24,2.2363166153631107e-25
"[1,5,5,1]","[1,5,0,0]",12,6,"[1,5,5,1]","[[1,1,1],[1,3,1],[1,5,1]]",0.03125,1.0,provisional_common_1_over_q_target,unresolved_balanced_frontier,../open_problem_forr4_passive_floor_consolidation_round_3/notes/high_degree_record_incidence_frontier.md,0.00017943513667603277,5.607348021126024e-06
"[1,7,1,1]","[0,3,1,1]",10,5,"[1,1,7,1]","[[1,1,1]]",0.03125,1.0,provisional_common_1_over_q_target,unresolved_balanced_frontier,../open_problem_forr4_passive_floor_consolidation_round_3/notes/high_degree_record_incidence_frontier.md,0.003366471066317674,0.0001052022208224273
"[1,7,1,1]","[0,4,0,1]",10,5,"[1,1,7,1]","[[1,1,1]]",0.03125,1.0,provisional_common_1_over_q_target,unresolved_balanced_frontier,../open_problem_forr4_passive_floor_consolidation_round_3/notes/high_degree_record_incidence_frontier.md,0.003293374218431799,0.00010291794432599372
"[1,7,1,1]","[0,4,1,0]",10,5,"[1,1,7,1]","[[1,1,1]]",0.03125,1.0,provisional_common_1_over_q_target,unresolved_balanced_frontier,../open_problem_forr4_passive_floor_consolidation_round_3/notes/high_degree_record_incidence_frontier.md,0.0030499321319058994,9.531037912205936e-05
"[1,7,1,1]","[0,5,0,0]",10,5,"[1,1,7,1]","[[1,1,1]]",0.03125,1.0,provisional_common_1_over_q_target,unresolved_balanced_frontier,../open_problem_forr4_passive_floor_consolidation_round_3/notes/high_degree_record_incidence_frontier.md,0.002422692047433293,7.570912648229041e-05
"[1,7,1,1]","[1,2,1,1]",10,5,"[1,1,7,1]","[[1,1,1]]",0.03125,1.0,provisional_common_1_over_q_target,unresolved_balanced_frontier,../open_problem_forr4_passive_floor_consolidation_round_3/notes/high_degree_record_incidence_frontier.md,0.002422692047433293,7.570912648229041e-05
"[1,7,1,1]","[1,3,0,1]",10,5,"[1,1,7,1]","[[1,1,1]]",0.03125,1.0,provisional_common_1_over_q_target,unresolved_balanced_frontier,../open_problem_forr4_passive_floor_consolidation_round_3/notes/high_degree_record_incidence_frontier.md,0.0030499321319058994,9.531037912205936e-05
"[1,7,1,1]","[1,3,1,0]",10,5,"[1,1,7,1]","[[1,1,1]]",0.03125,1.0,provisional_common_1_over_q_target,unresolved_balanced_frontier,../open_problem_forr4_passive_floor_consolidation_round_3/notes/high_degree_record_incidence_frontier.md,0.003293374218431799,0.00010291794432599372
"[1,7,1,1]","[1,4,0,0]",10,5,"[1,1,7,1]","[[1,1,1]]",0.03125,1.0,provisional_common_1_over_q_target,unresolved_balanced_frontier,../open_problem_forr4_passive_floor_consolidation_round_3/notes/high_degree_record_incidence_frontier.md,0.003366471066317674,0.0001052022208224273
"[1,7,1,3]","[0,2,1,3]",12,6,"[1,7,1,3]","[[1,1,1]]",0.03125,1.0,provisional_common_1_over_q_target,unresolved_balanced_frontier,../open_problem_forr4_passive_floor_consolidation_round_3/notes/high_degree_record_incidence_frontier.md,0.0006953163959274054,2.172863737273142e-05
"[1,7,1,3]","[0,3,0,3]",12,6,"[1,7,1,3]","[[1,1,1]]",0.03125,1.0,provisional_common_1_over_q_target,unresolved_balanced_frontier,../open_problem_forr4_passive_floor_consolidation_round_3/notes/high_degree_record_incidence_frontier.md,4.870682244848406e-24,1.5220882015151268e-25
"[1,7,1,3]","[0,3,1,2]",12,6,"[1,7,1,3]","[[1,1,1]]",0.03125,1.0,provisional_common_1_over_q_target,unresolved_balanced_frontier,../open_problem_forr4_passive_floor_consolidation_round_3/notes/high_degree_record_incidence_frontier.md,1.3556183172217604e-22,4.2363072413180014e-24
"[1,7,1,3]","[0,4,0,2]",12,6,"[1,7,1,3]","[[1,1,1]]",0.03125,1.0,provisional_common_1_over_q_target,unresolved_balanced_frontier,../open_problem_forr4_passive_floor_consolidation_round_3/notes/high_degree_record_incidence_frontier.md,2.495885446933041e-24,7.799642021665753e-26
"[1,7,1,3]","[0,4,1,1]",12,6,"[1,7,1,3]","[[1,1,1]]",0.03125,1.0,provisional_common_1_over_q_target,unresolved_balanced_frontier,../open_problem_forr4_passive_floor_consolidation_round_3/notes/high_degree_record_incidence_frontier.md,0.001309789896471394,4.0930934264731065e-05
"[1,7,1,3]","[0,5,0,1]",12,6,"[1,7,1,3]","[[1,1,1]]",0.03125,1.0,provisional_common_1_over_q_target,unresolved_balanced_frontier,../open_problem_forr4_passive_floor_consolidation_round_3/notes/high_degree_record_incidence_frontier.md,8.496459735883451e-24,2.6551436674635785e-25
"[1,7,1,3]","[0,5,1,0]",12,6,"[1,7,1,3]","[[1,1,1]]",0.03125,1.0,provisional_common_1_over_q_target,unresolved_balanced_frontier,../open_problem_forr4_passive_floor_consolidation_round_3/notes/high_degree_record_incidence_frontier.md,1.0333886499587242e-22,3.2293395311210132e-24
"[1,7,1,3]","[0,6,0,0]",12,6,"[1,7,1,3]","[[1,1,1]]",0.03125,1.0,provisional_common_1_over_q_target,unresolved_balanced_frontier,../open_problem_forr4_passive_floor_consolidation_round_3/notes/high_degree_record_incidence_frontier.md,1.7239744183000597e-24,5.387420057187687e-26
"[1,7,1,3]","[1,1,1,3]",12,6,"[1,7,1,3]","[[1,1,1]]",0.03125,1.0,provisional_common_1_over_q_target,unresolved_balanced_frontier,../open_problem_forr4_passive_floor_consolidation_round_3/notes/high_degree_record_incidence_frontier.md,1.7239744183000597e-24,5.387420057187687e-26
"[1,7,1,3]","[1,2,0,3]",12,6,"[1,7,1,3]","[[1,1,1]]",0.03125,1.0,provisional_common_1_over_q_target,unresolved_balanced_frontier,../open_problem_forr4_passive_floor_consolidation_round_3/notes/high_degree_record_incidence_frontier.md,1.0333886499587242e-22,3.2293395311210132e-24
"[1,7,1,3]","[1,2,1,2]",12,6,"[1,7,1,3]","[[1,1,1]]",0.03125,1.0,provisional_common_1_over_q_target,unresolved_balanced_frontier,../open_problem_forr4_passive_floor_consolidation_round_3/notes/high_degree_record_incidence_frontier.md,8.496459735883451e-24,2.6551436674635785e-25
"[1,7,1,3]","[1,3,0,2]",12,6,"[1,7,1,3]","[[1,1,1]]",0.03125,1.0,provisional_common_1_over_q_target,unresolved_balanced_frontier,../open_problem_forr4_passive_floor_consolidation_round_3/notes/high_degree_record_incidence_frontier.md,0.001309789896471394,4.0930934264731065e-05
"[1,7,1,3]","[1,3,1,1]",12,6,"[1,7,1,3]","[[1,1,1]]",0.03125,1.0,provisional_common_1_over_q_target,unresolved_balanced_frontier,../open_problem_forr4_passive_floor_consolidation_round_3/notes/high_degree_record_incidence_frontier.md,2.495885446933041e-24,7.799642021665753e-26
"[1,7,1,3]","[1,4,0,1]",12,6,"[1,7,1,3]","[[1,1,1]]",0.03125,1.0,provisional_common_1_over_q_target,unresolved_balanced_frontier,../open_problem_forr4_passive_floor_consolidation_round_3/notes/high_degree_record_incidence_frontier.md,1.3556183172217604e-22,4.2363072413180014e-24
"[1,7,1,3]","[1,4,1,0]",12,6,"[1,7,1,3]","[[1,1,1]]",0.03125,1.0,provisional_common_1_over_q_target,unresolved_balanced_frontier,../open_problem_forr4_passive_floor_consolidation_round_3/notes/high_degree_record_incidence_frontier.md,4.870682244848406e-24,1.5220882015151268e-25
"[1,7,1,3]","[1,5,0,0]",12,6,"[1,7,1,3]","[[1,1,1]]",0.03125,1.0,provisional_common_1_over_q_target,unresolved_balanced_frontier,../open_problem_forr4_passive_floor_consolidation_round_3/notes/high_degree_record_incidence_frontier.md,0.0006953163959274054,2.172863737273142e-05
"[1,7,3,1]","[0,2,3,1]",12,6,"[1,3,7,1]","[[1,1,1],[1,3,1]]",0.03125,1.0,provisional_common_1_over_q_target,unresolved_balanced_frontier,../open_problem_forr4_passive_floor_consolidation_round_3/notes/high_degree_record_incidence_frontier.md,0.0005551031413196637,1.734697316623949e-05
"[1,7,3,1]","[0,3,2,1]",12,6,"[1,3,7,1]","[[1,1,1],[1,3,1]]",0.03125,1.0,provisional_common_1_over_q_target,unresolved_balanced_frontier,../open_problem_forr4_passive_floor_consolidation_round_3/notes/high_degree_record_incidence_frontier.md,9.466854950062109e-24,2.958392171894409e-25
"[1,7,3,1]","[0,3,3,0]",12,6,"[1,3,7,1]","[[1,1,1],[1,3,1]]",0.03125,1.0,provisional_common_1_over_q_target,unresolved_balanced_frontier,../open_problem_forr4_passive_floor_consolidation_round_3/notes/high_degree_record_incidence_frontier.md,7.49533650558281e-23,2.342292657994628e-24
"[1,7,3,1]","[0,4,1,1]",12,6,"[1,3,7,1]","[[1,1,1],[1,3,1]]",0.03125,1.0,provisional_common_1_over_q_target,unresolved_balanced_frontier,../open_problem_forr4_passive_floor_consolidation_round_3/notes/high_degree_record_incidence_frontier.md,0.0014143358245502211,4.419799451719441e-05
"[1,7,3,1]","[0,4,2,0]",12,6,"[1,3,7,1]","[[1,1,1],[1,3,1]]",0.03125,1.0,provisional_common_1_over_q_target,unresolved_balanced_frontier,../open_problem_forr4_passive_floor_consolidation_round_3/notes/high_degree_record_incidence_frontier.md,3.0493461184586446e-24,9.529206620183264e-26
"[1,7,3,1]","[0,5,0,1]",12,6,"[1,3,7,1]","[[1,1,1],[1,3,1]]",0.03125,1.0,provisional_common_1_over_q_target,unresolved_balanced_frontier,../open_problem_forr4_passive_floor_consolidation_round_3/notes/high_degree_record_incidence_frontier.md,4.6282139309367276e-24,1.4463168534177274e-25
"[1,7,3,1]","[0,5,1,0]",12,6,"[1,3,7,1]","[[1,1,1],[1,3,1]]",0.03125,1.0,provisional_common_1_over_q_target,unresolved_balanced_frontier,../open_problem_forr4_passive_floor_consolidation_round_3/notes/high_degree_record_incidence_frontier.md,1.2649816833875371e-22,3.9530677605860536e-24
"[1,7,3,1]","[0,6,0,0]",12,6,"[1,3,7,1]","[[1,1,1],[1,3,1]]",0.03125,1.0,provisional_common_1_over_q_target,unresolved_balanced_frontier,../open_problem_forr4_passive_floor_consolidation_round_3/notes/high_degree_record_incidence_frontier.md,1.1564026484671015e-24,3.613758276459692e-26
"[1,7,3,1]","[1,1,3,1]",12,6,"[1,3,7,1]","[[1,1,1],[1,3,1]]",0.03125,1.0,provisional_common_1_over_q_target,unresolved_balanced_frontier,../open_problem_forr4_passive_floor_consolidation_round_3/notes/high_degree_record_incidence_frontier.md,1.1564026484671015e-24,3.613758276459692e-26
"[1,7,3,1]","[1,2,2,1]",12,6,"[1,3,7,1]","[[1,1,1],[1,3,1]]",0.03125,1.0,provisional_common_1_over_q_target,unresolved_balanced_frontier,../open_problem_forr4_passive_floor_consolidation_round_3/notes/high_degree_record_incidence_frontier.md,1.2649816833875371e-22,3.9530677605860536e-24
"[1,7,3,1]","[1,2,3,0]",12,6,"[1,3,7,1]","[[1,1,1],[1,3,1]]",0.03125,1.0,provisional_common_1_over_q_target,unresolved_balanced_frontier,../open_problem_forr4_passive_floor_consolidation_round_3/notes/high_degree_record_incidence_frontier.md,4.6282139309367276e-24,1.4463168534177274e-25
"[1,7,3,1]","[1,3,1,1]",12,6,"[1,3,7,1]","[[1,1,1],[1,3,1]]",0.03125,1.0,provisional_common_1_over_q_target,unresolved_balanced_frontier,../open_problem_forr4_passive_floor_consolidation_round_3/notes/high_degree_record_incidence_frontier.md,3.0493461184586446e-24,9.529206620183264e-26
"[1,7,3,1]","[1,3,2,0]",12,6,"[1,3,7,1]","[[1,1,1],[1,3,1]]",0.03125,1.0,provisional_common_1_over_q_target,unresolved_balanced_frontier,../open_problem_forr4_passive_floor_consolidation_round_3/notes/high_degree_record_incidence_frontier.md,0.0014143358245502211,4.419799451719441e-05
"[1,7,3,1]","[1,4,0,1]",12,6,"[1,3,7,1]","[[1,1,1],[1,3,1]]",0.03125,1.0,provisional_common_1_over_q_target,unresolved_balanced_frontier,../open_problem_forr4_passive_floor_consolidation_round_3/notes/high_degree_record_incidence_frontier.md,7.49533650558281e-23,2.342292657994628e-24
"[1,7,3,1]","[1,4,1,0]",12,6,"[1,3,7,1]","[[1,1,1],[1,3,1]]",0.03125,1.0,provisional_common_1_over_q_target,unresolved_balanced_frontier,../open_problem_forr4_passive_floor_consolidation_round_3/notes/high_degree_record_incidence_frontier.md,9.466854950062109e-24,2.958392171894409e-25
"[1,7,3,1]","[1,5,0,0]",12,6,"[1,3,7,1]","[[1,1,1],[1,3,1]]",0.03125,1.0,provisional_common_1_over_q_target,unresolved_balanced_frontier,../open_problem_forr4_passive_floor_consolidation_round_3/notes/high_degree_record_incidence_frontier.md,0.0005551031413196637,1.734697316623949e-05
"[1,9,1,1]","[0,4,1,1]",12,6,"[1,1,9,1]","[[1,1,1]]",0.03125,1.0,provisional_common_1_over_q_target,unresolved_balanced_frontier,../open_problem_forr4_passive_floor_consolidation_round_3/notes/high_degree_record_incidence_frontier.md,0.0004571790773524641,1.4286846167264503e-05
"[1,9,1,1]","[0,5,0,1]",12,6,"[1,1,9,1]","[[1,1,1]]",0.03125,1.0,provisional_common_1_over_q_target,unresolved_balanced_frontier,../open_problem_forr4_passive_floor_consolidation_round_3/notes/high_degree_record_incidence_frontier.md,3.498575222707562e-24,1.093304757096113e-25
"[1,9,1,1]","[0,5,1,0]",12,6,"[1,1,9,1]","[[1,1,1]]",0.03125,1.0,provisional_common_1_over_q_target,unresolved_balanced_frontier,../open_problem_forr4_passive_floor_consolidation_round_3/notes/high_degree_record_incidence_frontier.md,5.2605072610175125e-23,1.6439085190679727e-24
"[1,9,1,1]","[0,6,0,0]",12,6,"[1,1,9,1]","[[1,1,1]]",0.03125,1.0,provisional_common_1_over_q_target,unresolved_balanced_frontier,../open_problem_forr4_passive_floor_consolidation_round_3/notes/high_degree_record_incidence_frontier.md,1.1564028590015753e-24,3.613758934379923e-26
"[1,9,1,1]","[1,3,1,1]",12,6,"[1,1,9,1]","[[1,1,1]]",0.03125,1.0,provisional_common_1_over_q_target,unresolved_balanced_frontier,../open_problem_forr4_passive_floor_consolidation_round_3/notes/high_degree_record_incidence_frontier.md,1.1564028590015753e-24,3.613758934379923e-26
"[1,9,1,1]","[1,4,0,1]",12,6,"[1,1,9,1]","[[1,1,1]]",0.03125,1.0,provisional_common_1_over_q_target,unresolved_balanced_frontier,../open_problem_forr4_passive_floor_consolidation_round_3/notes/high_degree_record_incidence_frontier.md,5.2605072610175125e-23,1.6439085190679727e-24
"[1,9,1,1]","[1,4,1,0]",12,6,"[1,1,9,1]","[[1,1,1]]",0.03125,1.0,provisional_common_1_over_q_target,unresolved_balanced_frontier,../open_problem_forr4_passive_floor_consolidation_round_3/notes/high_degree_record_incidence_frontier.md,3.498575222707562e-24,1.093304757096113e-25
"[1,9,1,1]","[1,5,0,0]",12,6,"[1,1,9,1]","[[1,1,1]]",0.03125,1.0,provisional_common_1_over_q_target,unresolved_balanced_frontier,../open_problem_forr4_passive_floor_consolidation_round_3/notes/high_degree_record_incidence_frontier.md,0.0004571790773524641,1.4286846167264503e-05
"[3,1,1,5]","[0,0,0,5]",10,5,"[3,1,1,5]","[[1,1,1]]",0.03125,1.0,provisional_common_1_over_q_target,unresolved_balanced_frontier,../open_problem_forr4_passive_floor_consolidation_round_3/notes/high_degree_record_incidence_frontier.md,0.0035470763395947756,0.00011084613561233674
"[3,1,1,5]","[0,0,1,4]",10,5,"[3,1,1,5]","[[1,1,1]]",0.031188905122404905,0.998044963916957,proved_arbitrary_upper,column_cubic_quintic_row,../open_problem_forr4_passive_floor_consolidation_round_3/notes/column_cubic_quintic_row_contraction.md,0.010193526230659375,0.00031792492247078094
"[3,1,1,5]","[0,1,0,4]",10,5,"[3,1,1,5]","[[1,1,1]]",0.09347527457750368,2.991208786480118,proved_arbitrary_upper,leading_disjointness,../open_problem_forr4_passive_floor_consolidation_round_3/notes/leading_balanced_disjointness_contraction.md,0.01636195344212989,0.001529438090627423
"[3,1,1,5]","[0,1,1,3]",10,5,"[3,1,1,5]","[[1,1,1]]",0.037095279315720764,1.1870489381030644,proved_arbitrary_upper,whole_cubic_quintic_triple,../open_problem_forr4_passive_floor_consolidation_round_3/notes/whole_cubic_quintic_triple_contraction.md,0.008063338605432622,0.00029911179778575745
"[3,1,1,5]","[1,0,0,4]",10,5,"[3,1,1,5]","[[1,1,1]]",0.1737428008469535,5.559769627102512,proved_arbitrary_upper,separated_endpoint_slice,../open_problem_forr4_passive_floor_consolidation_round_3/notes/separated_balanced_endpoint_slice_contraction.md,0.012748534878715648,0.0022149661565231335
"[3,1,1,5]","[1,0,1,3]",10,5,"[3,1,1,5]","[[1,1,1]]",0.014281024204693649,0.45699277455019677,physical_lower_witness_substitution,diagnostic_physical_orbit,../open_problem_forr4_passive_floor_consolidation_round_3/notes/repaired_open_profile_budget.md,0.01794917253553292,0.0002563325674341681
"[3,1,1,5]","[1,1,0,3]",10,5,"[3,1,1,5]","[[1,1,1]]",0.039593955294628,1.267006569428096,physical_lower_witness_substitution,diagnostic_physical_orbit,../open_problem_forr4_passive_floor_consolidation_round_3/notes/repaired_open_profile_budget.md,0.02682116296829867,0.0010619559275167497
"[3,1,1,5]","[1,1,1,2]",10,5,"[3,1,1,5]","[[1,1,1]]",0.02509674611853515,0.8030958757931248,proved_arbitrary_upper,internal_singleton_shared_law,../open_problem_forr4_passive_floor_consolidation_round_3/notes/internal_singleton_shared_law_contraction.md,0.01206541047530353,0.0003028025435146072
"[3,1,1,5]","[2,0,0,3]",10,5,"[3,1,1,5]","[[1,1,1]]",0.02509674611853515,0.8030958757931248,proved_arbitrary_upper,internal_singleton_shared_law,../open_problem_forr4_passive_floor_consolidation_round_3/notes/internal_singleton_shared_law_contraction.md,0.01206541047530353,0.0003028025435146072
"[3,1,1,5]","[2,0,1,2]",10,5,"[3,1,1,5]","[[1,1,1]]",0.039593955294628,1.267006569428096,physical_lower_witness_substitution,diagnostic_physical_orbit,../open_problem_forr4_passive_floor_consolidation_round_3/notes/repaired_open_profile_budget.md,0.026821162968298663,0.0010619559275167494
"[3,1,1,5]","[2,1,0,2]",10,5,"[3,1,1,5]","[[1,1,1]]",0.014281024204693649,0.45699277455019677,physical_lower_witness_substitution,diagnostic_physical_orbit,../open_problem_forr4_passive_floor_consolidation_round_3/notes/repaired_open_profile_budget.md,0.01794917253553292,0.0002563325674341681
"[3,1,1,5]","[2,1,1,1]",10,5,"[3,1,1,5]","[[1,1,1]]",0.1737428008469535,5.559769627102512,proved_arbitrary_upper,separated_endpoint_slice,../open_problem_forr4_passive_floor_consolidation_round_3/notes/separated_balanced_endpoint_slice_contraction.md,0.012748534878715648,0.0022149661565231335
"[3,1,1,5]","[3,0,0,2]",10,5,"[3,1,1,5]","[[1,1,1]]",0.037095279315720764,1.1870489381030644,proved_arbitrary_upper,whole_cubic_quintic_triple,../open_problem_forr4_passive_floor_consolidation_round_3/notes/whole_cubic_quintic_triple_contraction.md,0.008063338605432622,0.00029911179778575745
"[3,1,1,5]","[3,0,1,1]",10,5,"[3,1,1,5]","[[1,1,1]]",0.09347527457750368,2.991208786480118,proved_arbitrary_upper,leading_disjointness,../open_problem_forr4_passive_floor_consolidation_round_3/notes/leading_balanced_disjointness_contraction.md,0.01636195344212989,0.001529438090627423
"[3,1,1,5]","[3,1,0,1]",10,5,"[3,1,1,5]","[[1,1,1]]",0.031188905122404905,0.998044963916957,proved_arbitrary_upper,column_cubic_quintic_row,../open_problem_forr4_passive_floor_consolidation_round_3/notes/column_cubic_quintic_row_contraction.md,0.010193526230659375,0.00031792492247078094
"[3,1,1,5]","[3,1,1,0]",10,5,"[3,1,1,5]","[[1,1,1]]",0.03125,1.0,provisional_common_1_over_q_target,unresolved_balanced_frontier,../open_problem_forr4_passive_floor_consolidation_round_3/notes/high_degree_record_incidence_frontier.md,0.0035470763395947756,0.00011084613561233674
"[3,1,1,7]","[0,0,0,6]",12,6,"[3,1,1,7]","[[1,1,1]]",0.03125,1.0,provisional_common_1_over_q_target,unresolved_balanced_frontier,../open_problem_forr4_passive_floor_consolidation_round_3/notes/high_degree_record_incidence_frontier.md,3.820414523834101e-24,1.1938795386981566e-25
"[3,1,1,7]","[0,0,1,5]",12,6,"[3,1,1,7]","[[1,1,1]]",0.03125,1.0,provisional_common_1_over_q_target,unresolved_balanced_frontier,../open_problem_forr4_passive_floor_consolidation_round_3/notes/high_degree_record_incidence_frontier.md,0.001957721468152063,6.117879587975197e-05
"[3,1,1,7]","[0,1,0,5]",12,6,"[3,1,1,7]","[[1,1,1]]",0.03125,1.0,provisional_common_1_over_q_target,unresolved_balanced_frontier,../open_problem_forr4_passive_floor_consolidation_round_3/notes/high_degree_record_incidence_frontier.md,1.8946883343784178e-23,5.9209010449325555e-25
"[3,1,1,7]","[0,1,1,4]",12,6,"[3,1,1,7]","[[1,1,1]]",0.03125,1.0,provisional_common_1_over_q_target,unresolved_balanced_frontier,../open_problem_forr4_passive_floor_consolidation_round_3/notes/high_degree_record_incidence_frontier.md,2.5674763201574184e-22,8.023363500491932e-24
"[3,1,1,7]","[1,0,0,5]",12,6,"[3,1,1,7]","[[1,1,1]]",0.03125,1.0,provisional_common_1_over_q_target,unresolved_balanced_frontier,../open_problem_forr4_passive_floor_consolidation_round_3/notes/high_degree_record_incidence_frontier.md,5.593535597257516e-22,1.7479798741429737e-23
"[3,1,1,7]","[1,0,1,4]",12,6,"[3,1,1,7]","[[1,1,1]]",0.03125,1.0,provisional_common_1_over_q_target,unresolved_balanced_frontier,../open_problem_forr4_passive_floor_consolidation_round_3/notes/high_degree_record_incidence_frontier.md,2.782616421882491e-23,8.695676318382785e-25
"[3,1,1,7]","[1,1,0,4]",12,6,"[3,1,1,7]","[[1,1,1]]",0.03125,1.0,provisional_common_1_over_q_target,unresolved_balanced_frontier,../open_problem_forr4_passive_floor_consolidation_round_3/notes/high_degree_record_incidence_frontier.md,0.0047023336450720795,0.00014694792640850248
"[3,1,1,7]","[1,1,1,3]",12,6,"[3,1,1,7]","[[1,1,1]]",0.03125,1.0,provisional_common_1_over_q_target,unresolved_balanced_frontier,../open_problem_forr4_passive_floor_consolidation_round_3/notes/high_degree_record_incidence_frontier.md,1.0106828086506423e-23,3.158383777033257e-25
"[3,1,1,7]","[2,0,0,4]",12,6,"[3,1,1,7]","[[1,1,1]]",0.03125,1.0,provisional_common_1_over_q_target,unresolved_balanced_frontier,../open_problem_forr4_passive_floor_consolidation_round_3/notes/high_degree_record_incidence_frontier.md,1.0106828086506423e-23,3.158383777033257e-25
"[3,1,1,7]","[2,0,1,3]",12,6,"[3,1,1,7]","[[1,1,1]]",0.03125,1.0,provisional_common_1_over_q_target,unresolved_balanced_frontier,../open_problem_forr4_passive_floor_consolidation_round_3/notes/high_degree_record_incidence_frontier.md,0.0047023336450720795,0.00014694792640850248
"[3,1,1,7]","[2,1,0,3]",12,6,"[3,1,1,7]","[[1,1,1]]",0.03125,1.0,provisional_common_1_over_q_target,unresolved_balanced_frontier,../open_problem_forr4_passive_floor_consolidation_round_3/notes/high_degree_record_incidence_frontier.md,2.782616421882491e-23,8.695676318382785e-25
"[3,1,1,7]","[2,1,1,2]",12,6,"[3,1,1,7]","[[1,1,1]]",0.03125,1.0,provisional_common_1_over_q_target,unresolved_balanced_frontier,../open_problem_forr4_passive_floor_consolidation_round_3/notes/high_degree_record_incidence_frontier.md,5.593535597257516e-22,1.7479798741429737e-23
"[3,1,1,7]","[3,0,0,3]",12,6,"[3,1,1,7]","[[1,1,1]]",0.03125,1.0,provisional_common_1_over_q_target,unresolved_balanced_frontier,../open_problem_forr4_passive_floor_consolidation_round_3/notes/high_degree_record_incidence_frontier.md,2.5674763201574184e-22,8.023363500491932e-24
"[3,1,1,7]","[3,0,1,2]",12,6,"[3,1,1,7]","[[1,1,1]]",0.03125,1.0,provisional_common_1_over_q_target,unresolved_balanced_frontier,../open_problem_forr4_passive_floor_consolidation_round_3/notes/high_degree_record_incidence_frontier.md,1.8946883343784178e-23,5.9209010449325555e-25
"[3,1,1,7]","[3,1,0,2]",12,6,"[3,1,1,7]","[[1,1,1]]",0.03125,1.0,provisional_common_1_over_q_target,unresolved_balanced_frontier,../open_problem_forr4_passive_floor_consolidation_round_3/notes/high_degree_record_incidence_frontier.md,0.001957721468152063,6.117879587975197e-05
"[3,1,1,7]","[3,1,1,1]",12,6,"[3,1,1,7]","[[1,1,1]]",0.03125,1.0,provisional_common_1_over_q_target,unresolved_balanced_frontier,../open_problem_forr4_passive_floor_consolidation_round_3/notes/high_degree_record_incidence_frontier.md,3.820414523834101e-24,1.1938795386981566e-25
"[3,1,3,5]","[0,0,1,5]",12,6,"[3,1,3,5]","[[1,1,1],[1,1,3]]",0.03125,1.0,provisional_common_1_over_q_target,unresolved_balanced_frontier,../open_problem_forr4_passive_floor_consolidation_round_3/notes/high_degree_record_incidence_frontier.md,0.0015232879128725856,4.76027472772683e-05
"[3,1,3,5]","[0,0,2,4]",12,6,"[3,1,3,5]","[[1,1,1],[1,1,3]]",0.03125,1.0,provisional_common_1_over_q_target,unresolved_balanced_frontier,../open_problem_forr4_passive_floor_consolidation_round_3/notes/high_degree_record_incidence_frontier.md,5.148951103800523e-24,1.6090472199376635e-25
"[3,1,3,5]","[0,0,3,3]",12,6,"[3,1,3,5]","[[1,1,1],[1,1,3]]",0.03125,1.0,provisional_common_1_over_q_target,unresolved_balanced_frontier,../open_problem_forr4_passive_floor_consolidation_round_3/notes/high_degree_record_incidence_frontier.md,0.0012714521124215917,3.973287851317474e-05
"[3,1,3,5]","[0,1,0,5]",12,6,"[3,1,3,5]","[[1,1,1],[1,1,3]]",0.03125,1.0,provisional_common_1_over_q_target,unresolved_balanced_frontier,../open_problem_forr4_passive_floor_consolidation_round_3/notes/high_degree_record_incidence_frontier.md,5.899849038625227e-24,1.8437028245703834e-25
"[3,1,3,5]","[0,1,1,4]",12,6,"[3,1,3,5]","[[1,1,1],[1,1,3]]",0.03125,1.0,provisional_common_1_over_q_target,unresolved_balanced_frontier,../open_problem_forr4_passive_floor_consolidation_round_3/notes/high_degree_record_incidence_frontier.md,3.515370985861601e-22,1.0985534330817504e-23
"[3,1,3,5]","[0,1,2,3]",12,6,"[3,1,3,5]","[[1,1,1],[1,1,3]]",0.03125,1.0,provisional_common_1_over_q_target,unresolved_balanced_frontier,../open_problem_forr4_passive_floor_consolidation_round_3/notes/high_degree_record_incidence_frontier.md,2.209725975468986e-23,6.905393673340582e-25
"[3,1,3,5]","[0,1,3,2]",12,6,"[3,1,3,5]","[[1,1,1],[1,1,3]]",0.03125,1.0,provisional_common_1_over_q_target,unresolved_balanced_frontier,../open_problem_forr4_passive_floor_consolidation_round_3/notes/high_degree_record_incidence_frontier.md,1.797715246487502e-22,5.617860145273444e-24
"[3,1,3,5]","[1,0,0,5]",12,6,"[3,1,3,5]","[[1,1,1],[1,1,3]]",0.03125,1.0,provisional_common_1_over_q_target,unresolved_balanced_frontier,../open_problem_forr4_passive_floor_consolidation_round_3/notes/high_degree_record_incidence_frontier.md,2.2422490019021535e-22,7.00702813094423e-24
"[3,1,3,5]","[1,0,1,4]",12,6,"[3,1,3,5]","[[1,1,1],[1,1,3]]",0.03125,1.0,provisional_common_1_over_q_target,unresolved_balanced_frontier,../open_problem_forr4_passive_floor_consolidation_round_3/notes/high_degree_record_incidence_frontier.md,3.091692311648305e-23,9.661538473900954e-25
"[3,1,3,5]","[1,0,2,3]",12,6,"[3,1,3,5]","[[1,1,1],[1,1,3]]",0.03125,1.0,provisional_common_1_over_q_target,unresolved_balanced_frontier,../open_problem_forr4_passive_floor_consolidation_round_3/notes/high_degree_record_incidence_frontier.md,5.755885976966295e-22,1.7987143678019673e-23
"[3,1,3,5]","[1,0,3,2]",12,6,"[3,1,3,5]","[[1,1,1],[1,1,3]]",0.03125,1.0,provisional_common_1_over_q_target,unresolved_balanced_frontier,../open_problem_forr4_passive_floor_consolidation_round_3/notes/high_degree_record_incidence_frontier.md,1.8607353266308956e-23,5.814797895721549e-25
"[3,1,3,5]","[1,1,0,4]",12,6,"[3,1,3,5]","[[1,1,1],[1,1,3]]",0.03125,1.0,provisional_common_1_over_q_target,unresolved_balanced_frontier,../open_problem_forr4_passive_floor_consolidation_round_3/notes/high_degree_record_incidence_frontier.md,0.002705109451319012,8.453467035371912e-05
"[3,1,3,5]","[1,1,1,3]",12,6,"[3,1,3,5]","[[1,1,1],[1,1,3]]",0.03125,1.0,provisional_common_1_over_q_target,unresolved_balanced_frontier,../open_problem_forr4_passive_floor_consolidation_round_3/notes/high_degree_record_incidence_frontier.md,1.1987696943126751e-23,3.7461552947271097e-25
"[3,1,3,5]","[1,1,2,2]",12,6,"[3,1,3,5]","[[1,1,1],[1,1,3]]",0.03125,1.0,provisional_common_1_over_q_target,unresolved_balanced_frontier,../open_problem_forr4_passive_floor_consolidation_round_3/notes/high_degree_record_incidence_frontier.md,0.0051814768505872655,0.00016192115158085205
"[3,1,3,5]","[1,1,3,1]",12,6,"[3,1,3,5]","[[1,1,1],[1,1,3]]",0.03125,1.0,provisional_common_1_over_q_target,unresolved_balanced_frontier,../open_problem_forr4_passive_floor_consolidation_round_3/notes/high_degree_record_incidence_frontier.md,6.779429348123588e-24,2.1185716712886213e-25
"[3,1,3,5]","[2,0,0,4]",12,6,"[3,1,3,5]","[[1,1,1],[1,1,3]]",0.03125,1.0,provisional_common_1_over_q_target,unresolved_balanced_frontier,../open_problem_forr4_passive_floor_consolidation_round_3/notes/high_degree_record_incidence_frontier.md,6.779429348123588e-24,2.1185716712886213e-25
"[3,1,3,5]","[2,0,1,3]",12,6,"[3,1,3,5]","[[1,1,1],[1,1,3]]",0.03125,1.0,provisional_common_1_over_q_target,unresolved_balanced_frontier,../open_problem_forr4_passive_floor_consolidation_round_3/notes/high_degree_record_incidence_frontier.md,0.0051814768505872655,0.00016192115158085205
"[3,1,3,5]","[2,0,2,2]",12,6,"[3,1,3,5]","[[1,1,1],[1,1,3]]",0.03125,1.0,provisional_common_1_over_q_target,unresolved_balanced_frontier,../open_problem_forr4_passive_floor_consolidation_round_3/notes/high_degree_record_incidence_frontier.md,1.1987696943126751e-23,3.7461552947271097e-25
"[3,1,3,5]","[2,0,3,1]",12,6,"[3,1,3,5]","[[1,1,1],[1,1,3]]",0.03125,1.0,provisional_common_1_over_q_target,unresolved_balanced_frontier,../open_problem_forr4_passive_floor_consolidation_round_3/notes/high_degree_record_incidence_frontier.md,0.002705109451319012,8.453467035371912e-05
"[3,1,3,5]","[2,1,0,3]",12,6,"[3,1,3,5]","[[1,1,1],[1,1,3]]",0.03125,1.0,provisional_common_1_over_q_target,unresolved_balanced_frontier,../open_problem_forr4_passive_floor_consolidation_round_3/notes/high_degree_record_incidence_frontier.md,1.8607353266308956e-23,5.814797895721549e-25
"[3,1,3,5]","[2,1,1,2]",12,6,"[3,1,3,5]","[[1,1,1],[1,1,3]]",0.03125,1.0,provisional_common_1_over_q_target,unresolved_balanced_frontier,../open_problem_forr4_passive_floor_consolidation_round_3/notes/high_degree_record_incidence_frontier.md,5.755885976966295e-22,1.7987143678019673e-23
"[3,1,3,5]","[2,1,2,1]",12,6,"[3,1,3,5]","[[1,1,1],[1,1,3]]",0.03125,1.0,provisional_common_1_over_q_target,unresolved_balanced_frontier,../open_problem_forr4_passive_floor_consolidation_round_3/notes/high_degree_record_incidence_frontier.md,3.091692311648305e-23,9.661538473900954e-25
"[3,1,3,5]","[2,1,3,0]",12,6,"[3,1,3,5]","[[1,1,1],[1,1,3]]",0.03125,1.0,provisional_common_1_over_q_target,unresolved_balanced_frontier,../open_problem_forr4_passive_floor_consolidation_round_3/notes/high_degree_record_incidence_frontier.md,2.2422490019021535e-22,7.00702813094423e-24
"[3,1,3,5]","[3,0,0,3]",12,6,"[3,1,3,5]","[[1,1,1],[1,1,3]]",0.03125,1.0,provisional_common_1_over_q_target,unresolved_balanced_frontier,../open_problem_forr4_passive_floor_consolidation_round_3/notes/high_degree_record_incidence_frontier.md,1.797715246487502e-22,5.617860145273444e-24
"[3,1,3,5]","[3,0,1,2]",12,6,"[3,1,3,5]","[[1,1,1],[1,1,3]]",0.03125,1.0,provisional_common_1_over_q_target,unresolved_balanced_frontier,../open_problem_forr4_passive_floor_consolidation_round_3/notes/high_degree_record_incidence_frontier.md,2.209725975468986e-23,6.905393673340582e-25
"[3,1,3,5]","[3,0,2,1]",12,6,"[3,1,3,5]","[[1,1,1],[1,1,3]]",0.03125,1.0,provisional_common_1_over_q_target,unresolved_balanced_frontier,../open_problem_forr4_passive_floor_consolidation_round_3/notes/high_degree_record_incidence_frontier.md,3.515370985861601e-22,1.0985534330817504e-23
"[3,1,3,5]","[3,0,3,0]",12,6,"[3,1,3,5]","[[1,1,1],[1,1,3]]",0.03125,1.0,provisional_common_1_over_q_target,unresolved_balanced_frontier,../open_problem_forr4_passive_floor_consolidation_round_3/notes/high_degree_record_incidence_frontier.md,5.899849038625227e-24,1.8437028245703834e-25
"[3,1,3,5]","[3,1,0,2]",12,6,"[3,1,3,5]","[[1,1,1],[1,1,3]]",0.03125,1.0,provisional_common_1_over_q_target,unresolved_balanced_frontier,../open_problem_forr4_passive_floor_consolidation_round_3/notes/high_degree_record_incidence_frontier.md,0.0012714521124215917,3.973287851317474e-05
"[3,1,3,5]","[3,1,1,1]",12,6,"[3,1,3,5]","[[1,1,1],[1,1,3]]",0.03125,1.0,provisional_common_1_over_q_target,unresolved_balanced_frontier,../open_problem_forr4_passive_floor_consolidation_round_3/notes/high_degree_record_incidence_frontier.md,5.148951103800523e-24,1.6090472199376635e-25
"[3,1,3,5]","[3,1,2,0]",12,6,"[3,1,3,5]","[[1,1,1],[1,1,3]]",0.03125,1.0,provisional_common_1_over_q_target,unresolved_balanced_frontier,../open_problem_forr4_passive_floor_consolidation_round_3/notes/high_degree_record_incidence_frontier.md,0.0015232879128725856,4.76027472772683e-05
"[3,1,5,3]","[0,0,3,3]",12,6,"[3,1,5,3]","[[1,1,1],[1,1,3]]",0.03125,1.0,provisional_common_1_over_q_target,unresolved_balanced_frontier,../open_problem_forr4_passive_floor_consolidation_round_3/notes/high_degree_record_incidence_frontier.md,0.0009893070419646078,3.0915845061393994e-05
"[3,1,5,3]","[0,0,4,2]",12,6,"[3,1,5,3]","[[1,1,1],[1,1,3]]",0.03125,1.0,provisional_common_1_over_q_target,unresolved_balanced_frontier,../open_problem_forr4_passive_floor_consolidation_round_3/notes/high_degree_record_incidence_frontier.md,3.352053294980115e-24,1.047516654681286e-25
"[3,1,5,3]","[0,0,5,1]",12,6,"[3,1,5,3]","[[1,1,1],[1,1,3]]",0.03125,1.0,provisional_common_1_over_q_target,unresolved_balanced_frontier,../open_problem_forr4_passive_floor_consolidation_round_3/notes/high_degree_record_incidence_frontier.md,0.000893616908505635,2.7925528390801095e-05
"[3,1,5,3]","[0,1,2,3]",12,6,"[3,1,5,3]","[[1,1,1],[1,1,3]]",0.03125,1.0,provisional_common_1_over_q_target,unresolved_balanced_frontier,../open_problem_forr4_passive_floor_consolidation_round_3/notes/high_degree_record_incidence_frontier.md,6.880841263147852e-24,2.1502628947337037e-25
"[3,1,5,3]","[0,1,3,2]",12,6,"[3,1,5,3]","[[1,1,1],[1,1,3]]",0.03125,1.0,provisional_common_1_over_q_target,unresolved_balanced_frontier,../open_problem_forr4_passive_floor_consolidation_round_3/notes/high_degree_record_incidence_frontier.md,2.461419398000807e-22,7.691935618752522e-24
"[3,1,5,3]","[0,1,4,1]",12,6,"[3,1,5,3]","[[1,1,1],[1,1,3]]",0.03125,1.0,provisional_common_1_over_q_target,unresolved_balanced_frontier,../open_problem_forr4_passive_floor_consolidation_round_3/notes/high_degree_record_incidence_frontier.md,1.5641762380188174e-23,4.888050743808804e-25
"[3,1,5,3]","[0,1,5,0]",12,6,"[3,1,5,3]","[[1,1,1],[1,1,3]]",0.03125,1.0,provisional_common_1_over_q_target,unresolved_balanced_frontier,../open_problem_forr4_passive_floor_consolidation_round_3/notes/high_degree_record_incidence_frontier.md,7.547425055336244e-23,2.3585703297925762e-24
"[3,1,5,3]","[1,0,2,3]",12,6,"[3,1,5,3]","[[1,1,1],[1,1,3]]",0.03125,1.0,provisional_common_1_over_q_target,unresolved_balanced_frontier,../open_problem_forr4_passive_floor_consolidation_round_3/notes/high_degree_record_incidence_frontier.md,2.3073294810607965e-22,7.210404628314989e-24
"[3,1,5,3]","[1,0,3,2]",12,6,"[3,1,5,3]","[[1,1,1],[1,1,3]]",0.03125,1.0,provisional_common_1_over_q_target,unresolved_balanced_frontier,../open_problem_forr4_passive_floor_consolidation_round_3/notes/high_degree_record_incidence_frontier.md,2.067414343607319e-23,6.460669823772872e-25
"[3,1,5,3]","[1,0,4,1]",12,6,"[3,1,5,3]","[[1,1,1],[1,1,3]]",0.03125,1.0,provisional_common_1_over_q_target,unresolved_balanced_frontier,../open_problem_forr4_passive_floor_consolidation_round_3/notes/high_degree_record_incidence_frontier.md,3.38174131337416e-22,1.056794160429425e-23
"[3,1,5,3]","[1,0,5,0]",12,6,"[3,1,5,3]","[[1,1,1],[1,1,3]]",0.03125,1.0,provisional_common_1_over_q_target,unresolved_balanced_frontier,../open_problem_forr4_passive_floor_consolidation_round_3/notes/high_degree_record_incidence_frontier.md,7.647046740365669e-24,2.3897021063642715e-25
"[3,1,5,3]","[1,1,1,3]",12,6,"[3,1,5,3]","[[1,1,1],[1,1,3]]",0.03125,1.0,provisional_common_1_over_q_target,unresolved_balanced_frontier,../open_problem_forr4_passive_floor_consolidation_round_3/notes/high_degree_record_incidence_frontier.md,3.7208865287082265e-24,1.1627770402213208e-25
"[3,1,5,3]","[1,1,2,2]",12,6,"[3,1,5,3]","[[1,1,1],[1,1,3]]",0.03125,1.0,provisional_common_1_over_q_target,unresolved_balanced_frontier,../open_problem_forr4_passive_floor_consolidation_round_3/notes/high_degree_record_incidence_frontier.md,0.002980745956851266,9.314831115160207e-05
"[3,1,5,3]","[1,1,3,1]",12,6,"[3,1,5,3]","[[1,1,1],[1,1,3]]",0.03125,1.0,provisional_common_1_over_q_target,unresolved_balanced_frontier,../open_problem_forr4_passive_floor_consolidation_round_3/notes/high_degree_record_incidence_frontier.md,8.041073200913327e-24,2.512835375285415e-25
"[3,1,5,3]","[1,1,4,0]",12,6,"[3,1,5,3]","[[1,1,1],[1,1,3]]",0.03125,1.0,provisional_common_1_over_q_target,unresolved_balanced_frontier,../open_problem_forr4_passive_floor_consolidation_round_3/notes/high_degree_record_incidence_frontier.md,0.0022768280577888434,7.115087680590136e-05
"[3,1,5,3]","[2,0,1,3]",12,6,"[3,1,5,3]","[[1,1,1],[1,1,3]]",0.03125,1.0,provisional_common_1_over_q_target,unresolved_balanced_frontier,../open_problem_forr4_passive_floor_consolidation_round_3/notes/high_degree_record_incidence_frontier.md,0.0022768280577888434,7.115087680590136e-05
"[3,1,5,3]","[2,0,2,2]",12,6,"[3,1,5,3]","[[1,1,1],[1,1,3]]",0.03125,1.0,provisional_common_1_over_q_target,unresolved_balanced_frontier,../open_problem_forr4_passive_floor_consolidation_round_3/notes/high_degree_record_incidence_frontier.md,8.041073200913327e-24,2.512835375285415e-25
"[3,1,5,3]","[2,0,3,1]",12,6,"[3,1,5,3]","[[1,1,1],[1,1,3]]",0.03125,1.0,provisional_common_1_over_q_target,unresolved_balanced_frontier,../open_problem_forr4_passive_floor_consolidation_round_3/notes/high_degree_record_incidence_frontier.md,0.002980745956851266,9.314831115160207e-05
"[3,1,5,3]","[2,0,4,0]",12,6,"[3,1,5,3]","[[1,1,1],[1,1,3]]",0.03125,1.0,provisional_common_1_over_q_target,unresolved_balanced_frontier,../open_problem_forr4_passive_floor_consolidation_round_3/notes/high_degree_record_incidence_frontier.md,3.7208865287082265e-24,1.1627770402213208e-25
"[3,1,5,3]","[2,1,0,3]",12,6,"[3,1,5,3]","[[1,1,1],[1,1,3]]",0.03125,1.0,provisional_common_1_over_q_target,unresolved_balanced_frontier,../open_problem_forr4_passive_floor_consolidation_round_3/notes/high_degree_record_incidence_frontier.md,7.647046740365669e-24,2.3897021063642715e-25
"[3,1,5,3]","[2,1,1,2]",12,6,"[3,1,5,3]","[[1,1,1],[1,1,3]]",0.03125,1.0,provisional_common_1_over_q_target,unresolved_balanced_frontier,../open_problem_forr4_passive_floor_consolidation_round_3/notes/high_degree_record_incidence_frontier.md,3.38174131337416e-22,1.056794160429425e-23
"[3,1,5,3]","[2,1,2,1]",12,6,"[3,1,5,3]","[[1,1,1],[1,1,3]]",0.03125,1.0,provisional_common_1_over_q_target,unresolved_balanced_frontier,../open_problem_forr4_passive_floor_consolidation_round_3/notes/high_degree_record_incidence_frontier.md,2.067414343607319e-23,6.460669823772872e-25
"[3,1,5,3]","[2,1,3,0]",12,6,"[3,1,5,3]","[[1,1,1],[1,1,3]]",0.03125,1.0,provisional_common_1_over_q_target,unresolved_balanced_frontier,../open_problem_forr4_passive_floor_consolidation_round_3/notes/high_degree_record_incidence_frontier.md,2.3073294810607965e-22,7.210404628314989e-24
"[3,1,5,3]","[3,0,0,3]",12,6,"[3,1,5,3]","[[1,1,1],[1,1,3]]",0.03125,1.0,provisional_common_1_over_q_target,unresolved_balanced_frontier,../open_problem_forr4_passive_floor_consolidation_round_3/notes/high_degree_record_incidence_frontier.md,7.547425055336244e-23,2.3585703297925762e-24
"[3,1,5,3]","[3,0,1,2]",12,6,"[3,1,5,3]","[[1,1,1],[1,1,3]]",0.03125,1.0,provisional_common_1_over_q_target,unresolved_balanced_frontier,../open_problem_forr4_passive_floor_consolidation_round_3/notes/high_degree_record_incidence_frontier.md,1.5641762380188174e-23,4.888050743808804e-25
"[3,1,5,3]","[3,0,2,1]",12,6,"[3,1,5,3]","[[1,1,1],[1,1,3]]",0.03125,1.0,provisional_common_1_over_q_target,unresolved_balanced_frontier,../open_problem_forr4_passive_floor_consolidation_round_3/notes/high_degree_record_incidence_frontier.md,2.461419398000807e-22,7.691935618752522e-24
"[3,1,5,3]","[3,0,3,0]",12,6,"[3,1,5,3]","[[1,1,1],[1,1,3]]",0.03125,1.0,provisional_common_1_over_q_target,unresolved_balanced_frontier,../open_problem_forr4_passive_floor_consolidation_round_3/notes/high_degree_record_incidence_frontier.md,6.880841263147852e-24,2.1502628947337037e-25
"[3,1,5,3]","[3,1,0,2]",12,6,"[3,1,5,3]","[[1,1,1],[1,1,3]]",0.03125,1.0,provisional_common_1_over_q_target,unresolved_balanced_frontier,../open_problem_forr4_passive_floor_consolidation_round_3/notes/high_degree_record_incidence_frontier.md,0.000893616908505635,2.7925528390801095e-05
"[3,1,5,3]","[3,1,1,1]",12,6,"[3,1,5,3]","[[1,1,1],[1,1,3]]",0.03125,1.0,provisional_common_1_over_q_target,unresolved_balanced_frontier,../open_problem_forr4_passive_floor_consolidation_round_3/notes/high_degree_record_incidence_frontier.md,3.352053294980115e-24,1.047516654681286e-25
"[3,1,5,3]","[3,1,2,0]",12,6,"[3,1,5,3]","[[1,1,1],[1,1,3]]",0.03125,1.0,provisional_common_1_over_q_target,unresolved_balanced_frontier,../open_problem_forr4_passive_floor_consolidation_round_3/notes/high_degree_record_incidence_frontier.md,0.0009893070419646078,3.0915845061393994e-05
"[3,1,7,1]","[0,0,5,1]",12,6,"[1,7,1,3]","[[1,1,1]]",0.03125,1.0,provisional_common_1_over_q_target,unresolved_balanced_frontier,../open_problem_forr4_passive_floor_consolidation_round_3/notes/high_degree_record_incidence_frontier.md,0.0006953163959274054,2.172863737273142e-05
"[3,1,7,1]","[0,0,6,0]",12,6,"[1,7,1,3]","[[1,1,1]]",0.03125,1.0,provisional_common_1_over_q_target,unresolved_balanced_frontier,../open_problem_forr4_passive_floor_consolidation_round_3/notes/high_degree_record_incidence_frontier.md,1.723976081848867e-24,5.387425255777709e-26
"[3,1,7,1]","[0,1,4,1]",12,6,"[1,7,1,3]","[[1,1,1]]",0.03125,1.0,provisional_common_1_over_q_target,unresolved_balanced_frontier,../open_problem_forr4_passive_floor_consolidation_round_3/notes/high_degree_record_incidence_frontier.md,4.870671079073947e-24,1.5220847122106083e-25
"[3,1,7,1]","[0,1,5,0]",12,6,"[1,7,1,3]","[[1,1,1]]",0.03125,1.0,provisional_common_1_over_q_target,unresolved_balanced_frontier,../open_problem_forr4_passive_floor_consolidation_round_3/notes/high_degree_record_incidence_frontier.md,1.0333882672720101e-22,3.2293383352250315e-24
"[3,1,7,1]","[1,0,4,1]",12,6,"[1,7,1,3]","[[1,1,1]]",0.03125,1.0,provisional_common_1_over_q_target,unresolved_balanced_frontier,../open_problem_forr4_passive_floor_consolidation_round_3/notes/high_degree_record_incidence_frontier.md,1.3556195277137867e-22,4.2363110241055835e-24
"[3,1,7,1]","[1,0,5,0]",12,6,"[1,7,1,3]","[[1,1,1]]",0.03125,1.0,provisional_common_1_over_q_target,unresolved_balanced_frontier,../open_problem_forr4_passive_floor_consolidation_round_3/notes/high_degree_record_incidence_frontier.md,8.496433582465998e-24,2.6551354945206245e-25
"[3,1,7,1]","[1,1,3,1]",12,6,"[1,7,1,3]","[[1,1,1]]",0.03125,1.0,provisional_common_1_over_q_target,unresolved_balanced_frontier,../open_problem_forr4_passive_floor_consolidation_round_3/notes/high_degree_record_incidence_frontier.md,2.495885664409458e-24,7.799642701279557e-26
"[3,1,7,1]","[1,1,4,0]",12,6,"[1,7,1,3]","[[1,1,1]]",0.03125,1.0,provisional_common_1_over_q_target,unresolved_balanced_frontier,../open_problem_forr4_passive_floor_consolidation_round_3/notes/high_degree_record_incidence_frontier.md,0.0013097898964713934,4.0930934264731045e-05
"[3,1,7,1]","[2,0,3,1]",12,6,"[1,7,1,3]","[[1,1,1]]",0.03125,1.0,provisional_common_1_over_q_target,unresolved_balanced_frontier,../open_problem_forr4_passive_floor_consolidation_round_3/notes/high_degree_record_incidence_frontier.md,0.0013097898964713934,4.0930934264731045e-05
"[3,1,7,1]","[2,0,4,0]",12,6,"[1,7,1,3]","[[1,1,1]]",0.03125,1.0,provisional_common_1_over_q_target,unresolved_balanced_frontier,../open_problem_forr4_passive_floor_consolidation_round_3/notes/high_degree_record_incidence_frontier.md,2.495885664409458e-24,7.799642701279557e-26
"[3,1,7,1]","[2,1,2,1]",12,6,"[1,7,1,3]","[[1,1,1]]",0.03125,1.0,provisional_common_1_over_q_target,unresolved_balanced_frontier,../open_problem_forr4_passive_floor_consolidation_round_3/notes/high_degree_record_incidence_frontier.md,8.496433582465998e-24,2.6551354945206245e-25
"[3,1,7,1]","[2,1,3,0]",12,6,"[1,7,1,3]","[[1,1,1]]",0.03125,1.0,provisional_common_1_over_q_target,unresolved_balanced_frontier,../open_problem_forr4_passive_floor_consolidation_round_3/notes/high_degree_record_incidence_frontier.md,1.3556195277137867e-22,4.2363110241055835e-24
"[3,1,7,1]","[3,0,2,1]",12,6,"[1,7,1,3]","[[1,1,1]]",0.03125,1.0,provisional_common_1_over_q_target,unresolved_balanced_frontier,../open_problem_forr4_passive_floor_consolidation_round_3/notes/high_degree_record_incidence_frontier.md,1.0333882672720101e-22,3.2293383352250315e-24
"[3,1,7,1]","[3,0,3,0]",12,6,"[1,7,1,3]","[[1,1,1]]",0.03125,1.0,provisional_common_1_over_q_target,unresolved_balanced_frontier,../open_problem_forr4_passive_floor_consolidation_round_3/notes/high_degree_record_incidence_frontier.md,4.870671079073947e-24,1.5220847122106083e-25
"[3,1,7,1]","[3,1,1,1]",12,6,"[1,7,1,3]","[[1,1,1]]",0.03125,1.0,provisional_common_1_over_q_target,unresolved_balanced_frontier,../open_problem_forr4_passive_floor_consolidation_round_3/notes/high_degree_record_incidence_frontier.md,1.723976081848867e-24,5.387425255777709e-26
"[3,1,7,1]","[3,1,2,0]",12,6,"[1,7,1,3]","[[1,1,1]]",0.03125,1.0,provisional_common_1_over_q_target,unresolved_balanced_frontier,../open_problem_forr4_passive_floor_consolidation_round_3/notes/high_degree_record_incidence_frontier.md,0.0006953163959274054,2.172863737273142e-05
"[3,3,1,5]","[0,0,1,5]",12,6,"[3,3,1,5]","[[1,1,1],[3,1,1]]",0.03125,1.0,provisional_common_1_over_q_target,unresolved_balanced_frontier,../open_problem_forr4_passive_floor_consolidation_round_3/notes/high_degree_record_incidence_frontier.md,0.0005593139424728965,1.7478560702278015e-05
"[3,3,1,5]","[0,1,0,5]",12,6,"[3,3,1,5]","[[1,1,1],[3,1,1]]",0.03125,1.0,provisional_common_1_over_q_target,unresolved_balanced_frontier,../open_problem_forr4_passive_floor_consolidation_round_3/notes/high_degree_record_incidence_frontier.md,1.2245818647061617e-23,3.8268183272067554e-25
"[3,3,1,5]","[0,1,1,4]",12,6,"[3,3,1,5]","[[1,1,1],[3,1,1]]",0.03125,1.0,provisional_common_1_over_q_target,unresolved_balanced_frontier,../open_problem_forr4_passive_floor_consolidation_round_3/notes/high_degree_record_incidence_frontier.md,3.0458408374372844e-22,9.518252616991514e-24
"[3,3,1,5]","[0,2,0,4]",12,6,"[3,3,1,5]","[[1,1,1],[3,1,1]]",0.03125,1.0,provisional_common_1_over_q_target,unresolved_balanced_frontier,../open_problem_forr4_passive_floor_consolidation_round_3/notes/high_degree_record_incidence_frontier.md,7.538710621843952e-24,2.355847069326235e-25
"[3,3,1,5]","[0,2,1,3]",12,6,"[3,3,1,5]","[[1,1,1],[3,1,1]]",0.03125,1.0,provisional_common_1_over_q_target,unresolved_balanced_frontier,../open_problem_forr4_passive_floor_consolidation_round_3/notes/high_degree_record_incidence_frontier.md,0.0034627916230462667,0.00010821223822019583
"[3,3,1,5]","[0,3,0,3]",12,6,"[3,3,1,5]","[[1,1,1],[3,1,1]]",0.03125,1.0,provisional_common_1_over_q_target,unresolved_balanced_frontier,../open_problem_forr4_passive_floor_consolidation_round_3/notes/high_degree_record_incidence_frontier.md,1.064614098300292e-23,3.3269190571884124e-25
"[3,3,1,5]","[0,3,1,2]",12,6,"[3,3,1,5]","[[1,1,1],[3,1,1]]",0.03125,1.0,provisional_common_1_over_q_target,unresolved_balanced_frontier,../open_problem_forr4_passive_floor_consolidation_round_3/notes/high_degree_record_incidence_frontier.md,1.9449516144486518e-22,6.077973795152037e-24
"[3,3,1,5]","[1,0,0,5]",12,6,"[3,3,1,5]","[[1,1,1],[3,1,1]]",0.03125,1.0,provisional_common_1_over_q_target,unresolved_balanced_frontier,../open_problem_forr4_passive_floor_consolidation_round_3/notes/high_degree_record_incidence_frontier.md,2.0725060669166077e-22,6.476581459114399e-24
"[3,3,1,5]","[1,0,1,4]",12,6,"[3,3,1,5]","[[1,1,1],[3,1,1]]",0.03125,1.0,provisional_common_1_over_q_target,unresolved_balanced_frontier,../open_problem_forr4_passive_floor_consolidation_round_3/notes/high_degree_record_incidence_frontier.md,1.5144313989791233e-23,4.73259812180976e-25
"[3,3,1,5]","[1,1,0,4]",12,6,"[3,3,1,5]","[[1,1,1],[3,1,1]]",0.03125,1.0,provisional_common_1_over_q_target,unresolved_balanced_frontier,../open_problem_forr4_passive_floor_consolidation_round_3/notes/high_degree_record_incidence_frontier.md,0.005474843851204133,0.00017108887035012917
"[3,3,1,5]","[1,1,1,3]",12,6,"[3,3,1,5]","[[1,1,1],[3,1,1]]",0.03125,1.0,provisional_common_1_over_q_target,unresolved_balanced_frontier,../open_problem_forr4_passive_floor_consolidation_round_3/notes/high_degree_record_incidence_frontier.md,1.1987696078360654e-23,3.7461550244877042e-25
"[3,3,1,5]","[1,2,0,3]",12,6,"[3,3,1,5]","[[1,1,1],[3,1,1]]",0.03125,1.0,provisional_common_1_over_q_target,unresolved_balanced_frontier,../open_problem_forr4_passive_floor_consolidation_round_3/notes/high_degree_record_incidence_frontier.md,6.6431831942212085e-22,2.0759947481941277e-23
"[3,3,1,5]","[1,2,1,2]",12,6,"[3,3,1,5]","[[1,1,1],[3,1,1]]",0.03125,1.0,provisional_common_1_over_q_target,unresolved_balanced_frontier,../open_problem_forr4_passive_floor_consolidation_round_3/notes/high_degree_record_incidence_frontier.md,3.798681719569723e-23,1.1870880373655385e-24
"[3,3,1,5]","[1,3,0,2]",12,6,"[3,3,1,5]","[[1,1,1],[3,1,1]]",0.03125,1.0,provisional_common_1_over_q_target,unresolved_balanced_frontier,../open_problem_forr4_passive_floor_consolidation_round_3/notes/high_degree_record_incidence_frontier.md,0.0025601574001478614,8.000491875462067e-05
"[3,3,1,5]","[1,3,1,1]",12,6,"[3,3,1,5]","[[1,1,1],[3,1,1]]",0.03125,1.0,provisional_common_1_over_q_target,unresolved_balanced_frontier,../open_problem_forr4_passive_floor_consolidation_round_3/notes/high_degree_record_incidence_frontier.md,6.779430582385367e-24,2.118572056995427e-25
"[3,3,1,5]","[2,0,0,4]",12,6,"[3,3,1,5]","[[1,1,1],[3,1,1]]",0.03125,1.0,provisional_common_1_over_q_target,unresolved_balanced_frontier,../open_problem_forr4_passive_floor_consolidation_round_3/notes/high_degree_record_incidence_frontier.md,6.779430582385367e-24,2.118572056995427e-25
"[3,3,1,5]","[2,0,1,3]",12,6,"[3,3,1,5]","[[1,1,1],[3,1,1]]",0.03125,1.0,provisional_common_1_over_q_target,unresolved_balanced_frontier,../open_problem_forr4_passive_floor_consolidation_round_3/notes/high_degree_record_incidence_frontier.md,0.0025601574001478614,8.000491875462067e-05
"[3,3,1,5]","[2,1,0,3]",12,6,"[3,3,1,5]","[[1,1,1],[3,1,1]]",0.03125,1.0,provisional_common_1_over_q_target,unresolved_balanced_frontier,../open_problem_forr4_passive_floor_consolidation_round_3/notes/high_degree_record_incidence_frontier.md,3.798681719569723e-23,1.1870880373655385e-24
"[3,3,1,5]","[2,1,1,2]",12,6,"[3,3,1,5]","[[1,1,1],[3,1,1]]",0.03125,1.0,provisional_common_1_over_q_target,unresolved_balanced_frontier,../open_problem_forr4_passive_floor_consolidation_round_3/notes/high_degree_record_incidence_frontier.md,6.6431831942212085e-22,2.0759947481941277e-23
"[3,3,1,5]","[2,2,0,2]",12,6,"[3,3,1,5]","[[1,1,1],[3,1,1]]",0.03125,1.0,provisional_common_1_over_q_target,unresolved_balanced_frontier,../open_problem_forr4_passive_floor_consolidation_round_3/notes/high_degree_record_incidence_frontier.md,1.1987696078360654e-23,3.7461550244877042e-25
"[3,3,1,5]","[2,2,1,1]",12,6,"[3,3,1,5]","[[1,1,1],[3,1,1]]",0.03125,1.0,provisional_common_1_over_q_target,unresolved_balanced_frontier,../open_problem_forr4_passive_floor_consolidation_round_3/notes/high_degree_record_incidence_frontier.md,0.005474843851204133,0.00017108887035012917
"[3,3,1,5]","[2,3,0,1]",12,6,"[3,3,1,5]","[[1,1,1],[3,1,1]]",0.03125,1.0,provisional_common_1_over_q_target,unresolved_balanced_frontier,../open_problem_forr4_passive_floor_consolidation_round_3/notes/high_degree_record_incidence_frontier.md,1.5144313989791233e-23,4.73259812180976e-25
"[3,3,1,5]","[2,3,1,0]",12,6,"[3,3,1,5]","[[1,1,1],[3,1,1]]",0.03125,1.0,provisional_common_1_over_q_target,unresolved_balanced_frontier,../open_problem_forr4_passive_floor_consolidation_round_3/notes/high_degree_record_incidence_frontier.md,2.0725060669166077e-22,6.476581459114399e-24
"[3,3,1,5]","[3,0,0,3]",12,6,"[3,3,1,5]","[[1,1,1],[3,1,1]]",0.03125,1.0,provisional_common_1_over_q_target,unresolved_balanced_frontier,../open_problem_forr4_passive_floor_consolidation_round_3/notes/high_degree_record_incidence_frontier.md,1.9449516144486518e-22,6.077973795152037e-24
"[3,3,1,5]","[3,0,1,2]",12,6,"[3,3,1,5]","[[1,1,1],[3,1,1]]",0.03125,1.0,provisional_common_1_over_q_target,unresolved_balanced_frontier,../open_problem_forr4_passive_floor_consolidation_round_3/notes/high_degree_record_incidence_frontier.md,1.064614098300292e-23,3.3269190571884124e-25
"[3,3,1,5]","[3,1,0,2]",12,6,"[3,3,1,5]","[[1,1,1],[3,1,1]]",0.03125,1.0,provisional_common_1_over_q_target,unresolved_balanced_frontier,../open_problem_forr4_passive_floor_consolidation_round_3/notes/high_degree_record_incidence_frontier.md,0.0034627916230462667,0.00010821223822019583
"[3,3,1,5]","[3,1,1,1]",12,6,"[3,3,1,5]","[[1,1,1],[3,1,1]]",0.03125,1.0,provisional_common_1_over_q_target,unresolved_balanced_frontier,../open_problem_forr4_passive_floor_consolidation_round_3/notes/high_degree_record_incidence_frontier.md,7.538710621843952e-24,2.355847069326235e-25
"[3,3,1,5]","[3,2,0,1]",12,6,"[3,3,1,5]","[[1,1,1],[3,1,1]]",0.03125,1.0,provisional_common_1_over_q_target,unresolved_balanced_frontier,../open_problem_forr4_passive_floor_consolidation_round_3/notes/high_degree_record_incidence_frontier.md,3.0458408374372844e-22,9.518252616991514e-24
"[3,3,1,5]","[3,2,1,0]",12,6,"[3,3,1,5]","[[1,1,1],[3,1,1]]",0.03125,1.0,provisional_common_1_over_q_target,unresolved_balanced_frontier,../open_problem_forr4_passive_floor_consolidation_round_3/notes/high_degree_record_incidence_frontier.md,1.2245818647061617e-23,3.8268183272067554e-25
"[3,3,1,5]","[3,3,0,0]",12,6,"[3,3,1,5]","[[1,1,1],[3,1,1]]",0.03125,1.0,provisional_common_1_over_q_target,unresolved_balanced_frontier,../open_problem_forr4_passive_floor_consolidation_round_3/notes/high_degree_record_incidence_frontier.md,0.0005593139424728965,1.7478560702278015e-05
"[3,3,3,3]","[0,0,3,3]",12,6,"[3,3,3,3]","[[1,1,1],[1,1,3],[1,3,1],[1,3,3],[3,1,1],[3,1,3],[3,3,1],[3,3,3]]",0.03125,1.0,provisional_common_1_over_q_target,unresolved_balanced_frontier,../open_problem_forr4_passive_floor_consolidation_round_3/notes/high_degree_record_incidence_frontier.md,0.0003632492697417649,1.1351539679430153e-05
"[3,3,3,3]","[0,1,2,3]",12,6,"[3,3,3,3]","[[1,1,1],[1,1,3],[1,3,1],[1,3,3],[3,1,1],[3,1,3],[3,3,1],[3,3,3]]",0.03125,1.0,provisional_common_1_over_q_target,unresolved_balanced_frontier,../open_problem_forr4_passive_floor_consolidation_round_3/notes/high_degree_record_incidence_frontier.md,1.428198140258881e-23,4.463119188309003e-25
"[3,3,3,3]","[0,1,3,2]",12,6,"[3,3,3,3]","[[1,1,1],[1,1,3],[1,3,1],[1,3,3],[3,1,1],[3,1,3],[3,3,1],[3,3,3]]",0.03125,1.0,provisional_common_1_over_q_target,unresolved_balanced_frontier,../open_problem_forr4_passive_floor_consolidation_round_3/notes/high_degree_record_incidence_frontier.md,2.132660180289237e-22,6.664563063403866e-24
"[3,3,3,3]","[0,2,1,3]",12,6,"[3,3,3,3]","[[1,1,1],[1,1,3],[1,3,1],[1,3,3],[3,1,1],[3,1,3],[3,3,1],[3,3,3]]",0.03125,1.0,provisional_common_1_over_q_target,unresolved_balanced_frontier,../open_problem_forr4_passive_floor_consolidation_round_3/notes/high_degree_record_incidence_frontier.md,0.0026943713444394363,8.419910451373238e-05
"[3,3,3,3]","[0,2,2,2]",12,6,"[3,3,3,3]","[[1,1,1],[1,1,3],[1,3,1],[1,3,3],[3,1,1],[3,1,3],[3,3,1],[3,3,3]]",0.03125,1.0,provisional_common_1_over_q_target,unresolved_balanced_frontier,../open_problem_forr4_passive_floor_consolidation_round_3/notes/high_degree_record_incidence_frontier.md,1.0031442610423736e-23,3.1348258157574175e-25
"[3,3,3,3]","[0,2,3,1]",12,6,"[3,3,3,3]","[[1,1,1],[1,1,3],[1,3,1],[1,3,3],[3,1,1],[3,1,3],[3,3,1],[3,3,3]]",0.03125,1.0,provisional_common_1_over_q_target,unresolved_balanced_frontier,../open_problem_forr4_passive_floor_consolidation_round_3/notes/high_degree_record_incidence_frontier.md,0.0027645062290305713,8.639081965720535e-05
"[3,3,3,3]","[0,3,0,3]",12,6,"[3,3,3,3]","[[1,1,1],[1,1,3],[1,3,1],[1,3,3],[3,1,1],[3,1,3],[3,3,1],[3,3,3]]",0.03125,1.0,provisional_common_1_over_q_target,unresolved_balanced_frontier,../open_problem_forr4_passive_floor_consolidation_round_3/notes/high_degree_record_incidence_frontier.md,3.3150900601414446e-24,1.0359656437942014e-25
"[3,3,3,3]","[0,3,1,2]",12,6,"[3,3,3,3]","[[1,1,1],[1,1,3],[1,3,1],[1,3,3],[3,1,1],[3,1,3],[3,3,1],[3,3,3]]",0.03125,1.0,provisional_common_1_over_q_target,unresolved_balanced_frontier,../open_problem_forr4_passive_floor_consolidation_round_3/notes/high_degree_record_incidence_frontier.md,2.6630144241868846e-22,8.321920075584014e-24
"[3,3,3,3]","[0,3,2,1]",12,6,"[3,3,3,3]","[[1,1,1],[1,1,3],[1,3,1],[1,3,3],[3,1,1],[3,1,3],[3,3,1],[3,3,3]]",0.03125,1.0,provisional_common_1_over_q_target,unresolved_balanced_frontier,../open_problem_forr4_passive_floor_consolidation_round_3/notes/high_degree_record_incidence_frontier.md,2.0692270075839674e-23,6.466334398699898e-25
"[3,3,3,3]","[0,3,3,0]",12,6,"[3,3,3,3]","[[1,1,1],[1,1,3],[1,3,1],[1,3,3],[3,1,1],[3,1,3],[3,3,1],[3,3,3]]",0.03125,1.0,provisional_common_1_over_q_target,unresolved_balanced_frontier,../open_problem_forr4_passive_floor_consolidation_round_3/notes/high_degree_record_incidence_frontier.md,1.0753813704174395e-22,3.3605667825544986e-24
"[3,3,3,3]","[1,0,2,3]",12,6,"[3,3,3,3]","[[1,1,1],[1,1,3],[1,3,1],[1,3,3],[3,1,1],[3,1,3],[3,3,1],[3,3,3]]",0.03125,1.0,provisional_common_1_over_q_target,unresolved_balanced_frontier,../open_problem_forr4_passive_floor_consolidation_round_3/notes/high_degree_record_incidence_frontier.md,2.1326598178067663e-22,6.664561930646145e-24
"[3,3,3,3]","[1,0,3,2]",12,6,"[3,3,3,3]","[[1,1,1],[1,1,3],[1,3,1],[1,3,3],[3,1,1],[3,1,3],[3,3,1],[3,3,3]]",0.03125,1.0,provisional_common_1_over_q_target,unresolved_balanced_frontier,../open_problem_forr4_passive_floor_consolidation_round_3/notes/high_degree_record_incidence_frontier.md,1.0127001270024505e-23,3.164687896882658e-25
"[3,3,3,3]","[1,1,1,3]",12,6,"[3,3,3,3]","[[1,1,1],[1,1,3],[1,3,1],[1,3,3],[3,1,1],[3,1,3],[3,3,1],[3,3,3]]",0.03125,1.0,provisional_common_1_over_q_target,unresolved_balanced_frontier,../open_problem_forr4_passive_floor_consolidation_round_3/notes/high_degree_record_incidence_frontier.md,1.0031439836001519e-23,3.1348249487504745e-25
"[3,3,3,3]","[1,1,2,2]",12,6,"[3,3,3,3]","[[1,1,1],[1,1,3],[1,3,1],[1,3,3],[3,1,1],[3,1,3],[3,3,1],[3,3,3]]",0.03125,1.0,provisional_common_1_over_q_target,unresolved_balanced_frontier,../open_problem_forr4_passive_floor_consolidation_round_3/notes/high_degree_record_incidence_frontier.md,0.006032701806542996,0.00018852193145446863
"[3,3,3,3]","[1,1,3,1]",12,6,"[3,3,3,3]","[[1,1,1],[1,1,3],[1,3,1],[1,3,3],[3,1,1],[3,1,3],[3,3,1],[3,3,3]]",0.03125,1.0,provisional_common_1_over_q_target,unresolved_balanced_frontier,../open_problem_forr4_passive_floor_consolidation_round_3/notes/high_degree_record_incidence_frontier.md,8.041072620847988e-24,2.5128351940149964e-25
"[3,3,3,3]","[1,2,0,3]",12,6,"[3,3,3,3]","[[1,1,1],[1,1,3],[1,3,1],[1,3,3],[3,1,1],[3,1,3],[3,3,1],[3,3,3]]",0.03125,1.0,provisional_common_1_over_q_target,unresolved_balanced_frontier,../open_problem_forr4_passive_floor_consolidation_round_3/notes/high_degree_record_incidence_frontier.md,2.6630153018064177e-22,8.321922818145055e-24
"[3,3,3,3]","[1,2,1,2]",12,6,"[3,3,3,3]","[[1,1,1],[1,1,3],[1,3,1],[1,3,3],[3,1,1],[3,1,3],[3,3,1],[3,3,3]]",0.03125,1.0,provisional_common_1_over_q_target,unresolved_balanced_frontier,../open_problem_forr4_passive_floor_consolidation_round_3/notes/high_degree_record_incidence_frontier.md,4.220615883107383e-23,1.3189424634710572e-24
"[3,3,3,3]","[1,2,2,1]",12,6,"[3,3,3,3]","[[1,1,1],[1,1,3],[1,3,1],[1,3,3],[3,1,1],[3,1,3],[3,3,1],[3,3,3]]",0.03125,1.0,provisional_common_1_over_q_target,unresolved_balanced_frontier,../open_problem_forr4_passive_floor_consolidation_round_3/notes/high_degree_record_incidence_frontier.md,8.131988928283076e-22,2.5412465400884612e-23
"[3,3,3,3]","[1,2,3,0]",12,6,"[3,3,3,3]","[[1,1,1],[1,1,3],[1,3,1],[1,3,3],[3,1,1],[3,1,3],[3,3,1],[3,3,3]]",0.03125,1.0,provisional_common_1_over_q_target,unresolved_balanced_frontier,../open_problem_forr4_passive_floor_consolidation_round_3/notes/high_degree_record_incidence_frontier.md,2.0692279137693357e-23,6.466337230529174e-25
"[3,3,3,3]","[1,3,0,2]",12,6,"[3,3,3,3]","[[1,1,1],[1,1,3],[1,3,1],[1,3,3],[3,1,1],[3,1,3],[3,3,1],[3,3,3]]",0.03125,1.0,provisional_common_1_over_q_target,unresolved_balanced_frontier,../open_problem_forr4_passive_floor_consolidation_round_3/notes/high_degree_record_incidence_frontier.md,0.001472780645257283,4.6024395164290096e-05
"[3,3,3,3]","[1,3,1,1]",12,6,"[3,3,3,3]","[[1,1,1],[1,1,3],[1,3,1],[1,3,3],[3,1,1],[3,1,3],[3,3,1],[3,3,3]]",0.03125,1.0,provisional_common_1_over_q_target,unresolved_balanced_frontier,../open_problem_forr4_passive_floor_consolidation_round_3/notes/high_degree_record_incidence_frontier.md,8.041074664869776e-24,2.512835832771805e-25
"[3,3,3,3]","[1,3,2,0]",12,6,"[3,3,3,3]","[[1,1,1],[1,1,3],[1,3,1],[1,3,3],[3,1,1],[3,1,3],[3,3,1],[3,3,3]]",0.03125,1.0,provisional_common_1_over_q_target,unresolved_balanced_frontier,../open_problem_forr4_passive_floor_consolidation_round_3/notes/high_degree_record_incidence_frontier.md,0.0027645062290305718,8.639081965720537e-05
"[3,3,3,3]","[2,0,1,3]",12,6,"[3,3,3,3]","[[1,1,1],[1,1,3],[1,3,1],[1,3,3],[3,1,1],[3,1,3],[3,3,1],[3,3,3]]",0.03125,1.0,provisional_common_1_over_q_target,unresolved_balanced_frontier,../open_problem_forr4_passive_floor_consolidation_round_3/notes/high_degree_record_incidence_frontier.md,0.0027645062290305718,8.639081965720537e-05
"[3,3,3,3]","[2,0,2,2]",12,6,"[3,3,3,3]","[[1,1,1],[1,1,3],[1,3,1],[1,3,3],[3,1,1],[3,1,3],[3,3,1],[3,3,3]]",0.03125,1.0,provisional_common_1_over_q_target,unresolved_balanced_frontier,../open_problem_forr4_passive_floor_consolidation_round_3/notes/high_degree_record_incidence_frontier.md,8.041074664869776e-24,2.512835832771805e-25
"[3,3,3,3]","[2,0,3,1]",12,6,"[3,3,3,3]","[[1,1,1],[1,1,3],[1,3,1],[1,3,3],[3,1,1],[3,1,3],[3,3,1],[3,3,3]]",0.03125,1.0,provisional_common_1_over_q_target,unresolved_balanced_frontier,../open_problem_forr4_passive_floor_consolidation_round_3/notes/high_degree_record_incidence_frontier.md,0.001472780645257283,4.6024395164290096e-05
"[3,3,3,3]","[2,1,0,3]",12,6,"[3,3,3,3]","[[1,1,1],[1,1,3],[1,3,1],[1,3,3],[3,1,1],[3,1,3],[3,3,1],[3,3,3]]",0.03125,1.0,provisional_common_1_over_q_target,unresolved_balanced_frontier,../open_problem_forr4_passive_floor_consolidation_round_3/notes/high_degree_record_incidence_frontier.md,2.0692279137693357e-23,6.466337230529174e-25
"[3,3,3,3]","[2,1,1,2]",12,6,"[3,3,3,3]","[[1,1,1],[1,1,3],[1,3,1],[1,3,3],[3,1,1],[3,1,3],[3,3,1],[3,3,3]]",0.03125,1.0,provisional_common_1_over_q_target,unresolved_balanced_frontier,../open_problem_forr4_passive_floor_consolidation_round_3/notes/high_degree_record_incidence_frontier.md,8.131988928283076e-22,2.5412465400884612e-23
"[3,3,3,3]","[2,1,2,1]",12,6,"[3,3,3,3]","[[1,1,1],[1,1,3],[1,3,1],[1,3,3],[3,1,1],[3,1,3],[3,3,1],[3,3,3]]",0.03125,1.0,provisional_common_1_over_q_target,unresolved_balanced_frontier,../open_problem_forr4_passive_floor_consolidation_round_3/notes/high_degree_record_incidence_frontier.md,4.220615883107383e-23,1.3189424634710572e-24
"[3,3,3,3]","[2,1,3,0]",12,6,"[3,3,3,3]","[[1,1,1],[1,1,3],[1,3,1],[1,3,3],[3,1,1],[3,1,3],[3,3,1],[3,3,3]]",0.03125,1.0,provisional_common_1_over_q_target,unresolved_balanced_frontier,../open_problem_forr4_passive_floor_consolidation_round_3/notes/high_degree_record_incidence_frontier.md,2.6630153018064177e-22,8.321922818145055e-24
"[3,3,3,3]","[2,2,0,2]",12,6,"[3,3,3,3]","[[1,1,1],[1,1,3],[1,3,1],[1,3,3],[3,1,1],[3,1,3],[3,3,1],[3,3,3]]",0.03125,1.0,provisional_common_1_over_q_target,unresolved_balanced_frontier,../open_problem_forr4_passive_floor_consolidation_round_3/notes/high_degree_record_incidence_frontier.md,8.041072620847988e-24,2.5128351940149964e-25
"[3,3,3,3]","[2,2,1,1]",12,6,"[3,3,3,3]","[[1,1,1],[1,1,3],[1,3,1],[1,3,3],[3,1,1],[3,1,3],[3,3,1],[3,3,3]]",0.03125,1.0,provisional_common_1_over_q_target,unresolved_balanced_frontier,../open_problem_forr4_passive_floor_consolidation_round_3/notes/high_degree_record_incidence_frontier.md,0.006032701806542996,0.00018852193145446863
"[3,3,3,3]","[2,2,2,0]",12,6,"[3,3,3,3]","[[1,1,1],[1,1,3],[1,3,1],[1,3,3],[3,1,1],[3,1,3],[3,3,1],[3,3,3]]",0.03125,1.0,provisional_common_1_over_q_target,unresolved_balanced_frontier,../open_problem_forr4_passive_floor_consolidation_round_3/notes/high_degree_record_incidence_frontier.md,1.0031439836001519e-23,3.1348249487504745e-25
"[3,3,3,3]","[2,3,0,1]",12,6,"[3,3,3,3]","[[1,1,1],[1,1,3],[1,3,1],[1,3,3],[3,1,1],[3,1,3],[3,3,1],[3,3,3]]",0.03125,1.0,provisional_common_1_over_q_target,unresolved_balanced_frontier,../open_problem_forr4_passive_floor_consolidation_round_3/notes/high_degree_record_incidence_frontier.md,1.0127001270024505e-23,3.164687896882658e-25
"[3,3,3,3]","[2,3,1,0]",12,6,"[3,3,3,3]","[[1,1,1],[1,1,3],[1,3,1],[1,3,3],[3,1,1],[3,1,3],[3,3,1],[3,3,3]]",0.03125,1.0,provisional_common_1_over_q_target,unresolved_balanced_frontier,../open_problem_forr4_passive_floor_consolidation_round_3/notes/high_degree_record_incidence_frontier.md,2.1326598178067663e-22,6.664561930646145e-24
"[3,3,3,3]","[3,0,0,3]",12,6,"[3,3,3,3]","[[1,1,1],[1,1,3],[1,3,1],[1,3,3],[3,1,1],[3,1,3],[3,3,1],[3,3,3]]",0.03125,1.0,provisional_common_1_over_q_target,unresolved_balanced_frontier,../open_problem_forr4_passive_floor_consolidation_round_3/notes/high_degree_record_incidence_frontier.md,1.0753813704174395e-22,3.3605667825544986e-24
"[3,3,3,3]","[3,0,1,2]",12,6,"[3,3,3,3]","[[1,1,1],[1,1,3],[1,3,1],[1,3,3],[3,1,1],[3,1,3],[3,3,1],[3,3,3]]",0.03125,1.0,provisional_common_1_over_q_target,unresolved_balanced_frontier,../open_problem_forr4_passive_floor_consolidation_round_3/notes/high_degree_record_incidence_frontier.md,2.0692270075839674e-23,6.466334398699898e-25
"[3,3,3,3]","[3,0,2,1]",12,6,"[3,3,3,3]","[[1,1,1],[1,1,3],[1,3,1],[1,3,3],[3,1,1],[3,1,3],[3,3,1],[3,3,3]]",0.03125,1.0,provisional_common_1_over_q_target,unresolved_balanced_frontier,../open_problem_forr4_passive_floor_consolidation_round_3/notes/high_degree_record_incidence_frontier.md,2.6630144241868846e-22,8.321920075584014e-24
"[3,3,3,3]","[3,0,3,0]",12,6,"[3,3,3,3]","[[1,1,1],[1,1,3],[1,3,1],[1,3,3],[3,1,1],[3,1,3],[3,3,1],[3,3,3]]",0.03125,1.0,provisional_common_1_over_q_target,unresolved_balanced_frontier,../open_problem_forr4_passive_floor_consolidation_round_3/notes/high_degree_record_incidence_frontier.md,3.3150900601414446e-24,1.0359656437942014e-25
"[3,3,3,3]","[3,1,0,2]",12,6,"[3,3,3,3]","[[1,1,1],[1,1,3],[1,3,1],[1,3,3],[3,1,1],[3,1,3],[3,3,1],[3,3,3]]",0.03125,1.0,provisional_common_1_over_q_target,unresolved_balanced_frontier,../open_problem_forr4_passive_floor_consolidation_round_3/notes/high_degree_record_incidence_frontier.md,0.0027645062290305713,8.639081965720535e-05
"[3,3,3,3]","[3,1,1,1]",12,6,"[3,3,3,3]","[[1,1,1],[1,1,3],[1,3,1],[1,3,3],[3,1,1],[3,1,3],[3,3,1],[3,3,3]]",0.03125,1.0,provisional_common_1_over_q_target,unresolved_balanced_frontier,../open_problem_forr4_passive_floor_consolidation_round_3/notes/high_degree_record_incidence_frontier.md,1.0031442610423736e-23,3.1348258157574175e-25
"[3,3,3,3]","[3,1,2,0]",12,6,"[3,3,3,3]","[[1,1,1],[1,1,3],[1,3,1],[1,3,3],[3,1,1],[3,1,3],[3,3,1],[3,3,3]]",0.03125,1.0,provisional_common_1_over_q_target,unresolved_balanced_frontier,../open_problem_forr4_passive_floor_consolidation_round_3/notes/high_degree_record_incidence_frontier.md,0.0026943713444394363,8.419910451373238e-05
"[3,3,3,3]","[3,2,0,1]",12,6,"[3,3,3,3]","[[1,1,1],[1,1,3],[1,3,1],[1,3,3],[3,1,1],[3,1,3],[3,3,1],[3,3,3]]",0.03125,1.0,provisional_common_1_over_q_target,unresolved_balanced_frontier,../open_problem_forr4_passive_floor_consolidation_round_3/notes/high_degree_record_incidence_frontier.md,2.132660180289237e-22,6.664563063403866e-24
"[3,3,3,3]","[3,2,1,0]",12,6,"[3,3,3,3]","[[1,1,1],[1,1,3],[1,3,1],[1,3,3],[3,1,1],[3,1,3],[3,3,1],[3,3,3]]",0.03125,1.0,provisional_common_1_over_q_target,unresolved_balanced_frontier,../open_problem_forr4_passive_floor_consolidation_round_3/notes/high_degree_record_incidence_frontier.md,1.428198140258881e-23,4.463119188309003e-25
"[3,3,3,3]","[3,3,0,0]",12,6,"[3,3,3,3]","[[1,1,1],[1,1,3],[1,3,1],[1,3,3],[3,1,1],[3,1,3],[3,3,1],[3,3,3]]",0.03125,1.0,provisional_common_1_over_q_target,unresolved_balanced_frontier,../open_problem_forr4_passive_floor_consolidation_round_3/notes/high_degree_record_incidence_frontier.md,0.0003632492697417649,1.1351539679430153e-05
"[3,3,5,1]","[0,0,5,1]",12,6,"[1,5,3,3]","[[1,1,1],[1,3,1],[3,1,1],[3,3,1]]",0.03125,1.0,provisional_common_1_over_q_target,unresolved_balanced_frontier,../open_problem_forr4_passive_floor_consolidation_round_3/notes/high_degree_record_incidence_frontier.md,0.0002553031185935313,7.978222456047853e-06
"[3,3,5,1]","[0,1,4,1]",12,6,"[1,5,3,3]","[[1,1,1],[1,3,1],[3,1,1],[3,3,1]]",0.03125,1.0,provisional_common_1_over_q_target,unresolved_balanced_frontier,../open_problem_forr4_passive_floor_consolidation_round_3/notes/high_degree_record_incidence_frontier.md,1.0109640828661935e-23,3.1592627589568547e-25
"[3,3,5,1]","[0,1,5,0]",12,6,"[1,5,3,3]","[[1,1,1],[1,3,1],[3,1,1],[3,3,1]]",0.03125,1.0,provisional_common_1_over_q_target,unresolved_balanced_frontier,../open_problem_forr4_passive_floor_consolidation_round_3/notes/high_degree_record_incidence_frontier.md,8.953638742666581e-23,2.7980121070833065e-24
"[3,3,5,1]","[0,2,3,1]",12,6,"[1,5,3,3]","[[1,1,1],[1,3,1],[3,1,1],[3,3,1]]",0.03125,1.0,provisional_common_1_over_q_target,unresolved_balanced_frontier,../open_problem_forr4_passive_floor_consolidation_round_3/notes/high_degree_record_incidence_frontier.md,0.002151040887199459,6.72200277249831e-05
"[3,3,5,1]","[0,2,4,0]",12,6,"[1,5,3,3]","[[1,1,1],[1,3,1],[3,1,1],[3,3,1]]",0.03125,1.0,provisional_common_1_over_q_target,unresolved_balanced_frontier,../open_problem_forr4_passive_floor_consolidation_round_3/notes/high_degree_record_incidence_frontier.md,4.545989975800899e-24,1.420621867437781e-25
"[3,3,5,1]","[0,3,2,1]",12,6,"[1,5,3,3]","[[1,1,1],[1,3,1],[3,1,1],[3,3,1]]",0.03125,1.0,provisional_common_1_over_q_target,unresolved_balanced_frontier,../open_problem_forr4_passive_floor_consolidation_round_3/notes/high_degree_record_incidence_frontier.md,6.443343081751065e-24,2.0135447130472078e-25
"[3,3,5,1]","[0,3,3,0]",12,6,"[1,5,3,3]","[[1,1,1],[1,3,1],[3,1,1],[3,3,1]]",0.03125,1.0,provisional_common_1_over_q_target,unresolved_balanced_frontier,../open_problem_forr4_passive_floor_consolidation_round_3/notes/high_degree_record_incidence_frontier.md,1.472404804134579e-22,4.6012650129205595e-24
"[3,3,5,1]","[1,0,4,1]",12,6,"[1,5,3,3]","[[1,1,1],[1,3,1],[3,1,1],[3,3,1]]",0.03125,1.0,provisional_common_1_over_q_target,unresolved_balanced_frontier,../open_problem_forr4_passive_floor_consolidation_round_3/notes/high_degree_record_incidence_frontier.md,1.252996296679833e-22,3.915613427124478e-24
"[3,3,5,1]","[1,0,5,0]",12,6,"[1,5,3,3]","[[1,1,1],[1,3,1],[3,1,1],[3,3,1]]",0.03125,1.0,provisional_common_1_over_q_target,unresolved_balanced_frontier,../open_problem_forr4_passive_floor_consolidation_round_3/notes/high_degree_record_incidence_frontier.md,4.1618843337509e-24,1.3005888542971562e-25
"[3,3,5,1]","[1,1,3,1]",12,6,"[1,5,3,3]","[[1,1,1],[1,3,1],[3,1,1],[3,3,1]]",0.03125,1.0,provisional_common_1_over_q_target,unresolved_balanced_frontier,../open_problem_forr4_passive_floor_consolidation_round_3/notes/high_degree_record_incidence_frontier.md,6.728860632241403e-24,2.1027689475754384e-25
"[3,3,5,1]","[1,1,4,0]",12,6,"[1,5,3,3]","[[1,1,1],[1,3,1],[3,1,1],[3,3,1]]",0.03125,1.0,provisional_common_1_over_q_target,unresolved_balanced_frontier,../open_problem_forr4_passive_floor_consolidation_round_3/notes/high_degree_record_incidence_frontier.md,0.0026508706172939426,8.28397067904357e-05
"[3,3,5,1]","[1,2,2,1]",12,6,"[1,5,3,3]","[[1,1,1],[1,3,1],[3,1,1],[3,3,1]]",0.03125,1.0,provisional_common_1_over_q_target,unresolved_balanced_frontier,../open_problem_forr4_passive_floor_consolidation_round_3/notes/high_degree_record_incidence_frontier.md,3.2598244421403353e-22,1.0186951381688548e-23
"[3,3,5,1]","[1,2,3,0]",12,6,"[1,5,3,3]","[[1,1,1],[1,3,1],[3,1,1],[3,3,1]]",0.03125,1.0,provisional_common_1_over_q_target,unresolved_balanced_frontier,../open_problem_forr4_passive_floor_consolidation_round_3/notes/high_degree_record_incidence_frontier.md,2.299065002901387e-23,7.184578134066834e-25
"[3,3,5,1]","[1,3,1,1]",12,6,"[1,5,3,3]","[[1,1,1],[1,3,1],[3,1,1],[3,3,1]]",0.03125,1.0,provisional_common_1_over_q_target,unresolved_balanced_frontier,../open_problem_forr4_passive_floor_consolidation_round_3/notes/high_degree_record_incidence_frontier.md,2.4958861188099866e-24,7.799644121281208e-26
"[3,3,5,1]","[1,3,2,0]",12,6,"[1,5,3,3]","[[1,1,1],[1,3,1],[3,1,1],[3,3,1]]",0.03125,1.0,provisional_common_1_over_q_target,unresolved_balanced_frontier,../open_problem_forr4_passive_floor_consolidation_round_3/notes/high_degree_record_incidence_frontier.md,0.0015903363080622599,4.969800962694562e-05
"[3,3,5,1]","[2,0,3,1]",12,6,"[1,5,3,3]","[[1,1,1],[1,3,1],[3,1,1],[3,3,1]]",0.03125,1.0,provisional_common_1_over_q_target,unresolved_balanced_frontier,../open_problem_forr4_passive_floor_consolidation_round_3/notes/high_degree_record_incidence_frontier.md,0.0015903363080622599,4.969800962694562e-05
"[3,3,5,1]","[2,0,4,0]",12,6,"[1,5,3,3]","[[1,1,1],[1,3,1],[3,1,1],[3,3,1]]",0.03125,1.0,provisional_common_1_over_q_target,unresolved_balanced_frontier,../open_problem_forr4_passive_floor_consolidation_round_3/notes/high_degree_record_incidence_frontier.md,2.4958861188099866e-24,7.799644121281208e-26
"[3,3,5,1]","[2,1,2,1]",12,6,"[1,5,3,3]","[[1,1,1],[1,3,1],[3,1,1],[3,3,1]]",0.03125,1.0,provisional_common_1_over_q_target,unresolved_balanced_frontier,../open_problem_forr4_passive_floor_consolidation_round_3/notes/high_degree_record_incidence_frontier.md,2.299065002901387e-23,7.184578134066834e-25
"[3,3,5,1]","[2,1,3,0]",12,6,"[1,5,3,3]","[[1,1,1],[1,3,1],[3,1,1],[3,3,1]]",0.03125,1.0,provisional_common_1_over_q_target,unresolved_balanced_frontier,../open_problem_forr4_passive_floor_consolidation_round_3/notes/high_degree_record_incidence_frontier.md,3.2598244421403353e-22,1.0186951381688548e-23
"[3,3,5,1]","[2,2,1,1]",12,6,"[1,5,3,3]","[[1,1,1],[1,3,1],[3,1,1],[3,3,1]]",0.03125,1.0,provisional_common_1_over_q_target,unresolved_balanced_frontier,../open_problem_forr4_passive_floor_consolidation_round_3/notes/high_degree_record_incidence_frontier.md,0.0026508706172939426,8.28397067904357e-05
"[3,3,5,1]","[2,2,2,0]",12,6,"[1,5,3,3]","[[1,1,1],[1,3,1],[3,1,1],[3,3,1]]",0.03125,1.0,provisional_common_1_over_q_target,unresolved_balanced_frontier,../open_problem_forr4_passive_floor_consolidation_round_3/notes/high_degree_record_incidence_frontier.md,6.728860632241403e-24,2.1027689475754384e-25
"[3,3,5,1]","[2,3,0,1]",12,6,"[1,5,3,3]","[[1,1,1],[1,3,1],[3,1,1],[3,3,1]]",0.03125,1.0,provisional_common_1_over_q_target,unresolved_balanced_frontier,../open_problem_forr4_passive_floor_consolidation_round_3/notes/high_degree_record_incidence_frontier.md,4.1618843337509e-24,1.3005888542971562e-25
"[3,3,5,1]","[2,3,1,0]",12,6,"[1,5,3,3]","[[1,1,1],[1,3,1],[3,1,1],[3,3,1]]",0.03125,1.0,provisional_common_1_over_q_target,unresolved_balanced_frontier,../open_problem_forr4_passive_floor_consolidation_round_3/notes/high_degree_record_incidence_frontier.md,1.252996296679833e-22,3.915613427124478e-24
"[3,3,5,1]","[3,0,2,1]",12,6,"[1,5,3,3]","[[1,1,1],[1,3,1],[3,1,1],[3,3,1]]",0.03125,1.0,provisional_common_1_over_q_target,unresolved_balanced_frontier,../open_problem_forr4_passive_floor_consolidation_round_3/notes/high_degree_record_incidence_frontier.md,1.472404804134579e-22,4.6012650129205595e-24
"[3,3,5,1]","[3,0,3,0]",12,6,"[1,5,3,3]","[[1,1,1],[1,3,1],[3,1,1],[3,3,1]]",0.03125,1.0,provisional_common_1_over_q_target,unresolved_balanced_frontier,../open_problem_forr4_passive_floor_consolidation_round_3/notes/high_degree_record_incidence_frontier.md,6.443343081751065e-24,2.0135447130472078e-25
"[3,3,5,1]","[3,1,1,1]",12,6,"[1,5,3,3]","[[1,1,1],[1,3,1],[3,1,1],[3,3,1]]",0.03125,1.0,provisional_common_1_over_q_target,unresolved_balanced_frontier,../open_problem_forr4_passive_floor_consolidation_round_3/notes/high_degree_record_incidence_frontier.md,4.545989975800899e-24,1.420621867437781e-25
"[3,3,5,1]","[3,1,2,0]",12,6,"[1,5,3,3]","[[1,1,1],[1,3,1],[3,1,1],[3,3,1]]",0.03125,1.0,provisional_common_1_over_q_target,unresolved_balanced_frontier,../open_problem_forr4_passive_floor_consolidation_round_3/notes/high_degree_record_incidence_frontier.md,0.002151040887199459,6.72200277249831e-05
"[3,3,5,1]","[3,2,0,1]",12,6,"[1,5,3,3]","[[1,1,1],[1,3,1],[3,1,1],[3,3,1]]",0.03125,1.0,provisional_common_1_over_q_target,unresolved_balanced_frontier,../open_problem_forr4_passive_floor_consolidation_round_3/notes/high_degree_record_incidence_frontier.md,8.953638742666581e-23,2.7980121070833065e-24
"[3,3,5,1]","[3,2,1,0]",12,6,"[1,5,3,3]","[[1,1,1],[1,3,1],[3,1,1],[3,3,1]]",0.03125,1.0,provisional_common_1_over_q_target,unresolved_balanced_frontier,../open_problem_forr4_passive_floor_consolidation_round_3/notes/high_degree_record_incidence_frontier.md,1.0109640828661935e-23,3.1592627589568547e-25
"[3,3,5,1]","[3,3,0,0]",12,6,"[1,5,3,3]","[[1,1,1],[1,3,1],[3,1,1],[3,3,1]]",0.03125,1.0,provisional_common_1_over_q_target,unresolved_balanced_frontier,../open_problem_forr4_passive_floor_consolidation_round_3/notes/high_degree_record_incidence_frontier.md,0.0002553031185935313,7.978222456047853e-06
"[3,5,1,1]","[0,3,1,1]",10,5,"[1,1,5,3]","[[1,1,1],[3,1,1]]",0.03125,1.0,provisional_common_1_over_q_target,unresolved_balanced_frontier,../open_problem_forr4_passive_floor_consolidation_round_3/notes/high_degree_record_incidence_frontier.md,0.003710215551315513,0.00011594423597860978
"[3,5,1,1]","[0,4,0,1]",10,5,"[1,1,5,3]","[[1,1,1],[3,1,1]]",0.03125,1.0,provisional_common_1_over_q_target,unresolved_balanced_frontier,../open_problem_forr4_passive_floor_consolidation_round_3/notes/high_degree_record_incidence_frontier.md,0.004125246141746371,0.00012891394192957408
"[3,5,1,1]","[0,4,1,0]",10,5,"[1,1,5,3]","[[1,1,1],[3,1,1]]",0.03125,1.0,provisional_common_1_over_q_target,unresolved_balanced_frontier,../open_problem_forr4_passive_floor_consolidation_round_3/notes/high_degree_record_incidence_frontier.md,0.005301744249961666,0.00016567950781130205
"[3,5,1,1]","[0,5,0,0]",10,5,"[1,1,5,3]","[[1,1,1],[3,1,1]]",0.03125,1.0,provisional_common_1_over_q_target,unresolved_balanced_frontier,../open_problem_forr4_passive_floor_consolidation_round_3/notes/high_degree_record_incidence_frontier.md,0.003109374909496691,9.716796592177159e-05
"[3,5,1,1]","[1,2,1,1]",10,5,"[1,1,5,3]","[[1,1,1],[3,1,1]]",0.03125,1.0,provisional_common_1_over_q_target,unresolved_balanced_frontier,../open_problem_forr4_passive_floor_consolidation_round_3/notes/high_degree_record_incidence_frontier.md,0.00597045557398217,0.00018657673668694282
"[3,5,1,1]","[1,3,0,1]",10,5,"[1,1,5,3]","[[1,1,1],[3,1,1]]",0.03125,1.0,provisional_common_1_over_q_target,unresolved_balanced_frontier,../open_problem_forr4_passive_floor_consolidation_round_3/notes/high_degree_record_incidence_frontier.md,0.006940863489129703,0.00021690198403530322
"[3,5,1,1]","[1,3,1,0]",10,5,"[1,1,5,3]","[[1,1,1],[3,1,1]]",0.03125,1.0,provisional_common_1_over_q_target,unresolved_balanced_frontier,../open_problem_forr4_passive_floor_consolidation_round_3/notes/high_degree_record_incidence_frontier.md,0.00749487525627984,0.000234214851758745
"[3,5,1,1]","[1,4,0,0]",10,5,"[1,1,5,3]","[[1,1,1],[3,1,1]]",0.03125,1.0,provisional_common_1_over_q_target,unresolved_balanced_frontier,../open_problem_forr4_passive_floor_consolidation_round_3/notes/high_degree_record_incidence_frontier.md,0.0054173041066089885,0.0001692907533315309
"[3,5,1,1]","[2,1,1,1]",10,5,"[1,1,5,3]","[[1,1,1],[3,1,1]]",0.03125,1.0,provisional_common_1_over_q_target,unresolved_balanced_frontier,../open_problem_forr4_passive_floor_consolidation_round_3/notes/high_degree_record_incidence_frontier.md,0.0054173041066089885,0.0001692907533315309
"[3,5,1,1]","[2,2,0,1]",10,5,"[1,1,5,3]","[[1,1,1],[3,1,1]]",0.03125,1.0,provisional_common_1_over_q_target,unresolved_balanced_frontier,../open_problem_forr4_passive_floor_consolidation_round_3/notes/high_degree_record_incidence_frontier.md,0.00749487525627984,0.000234214851758745
"[3,5,1,1]","[2,2,1,0]",10,5,"[1,1,5,3]","[[1,1,1],[3,1,1]]",0.03125,1.0,provisional_common_1_over_q_target,unresolved_balanced_frontier,../open_problem_forr4_passive_floor_consolidation_round_3/notes/high_degree_record_incidence_frontier.md,0.006940863489129703,0.00021690198403530322
"[3,5,1,1]","[2,3,0,0]",10,5,"[1,1,5,3]","[[1,1,1],[3,1,1]]",0.03125,1.0,provisional_common_1_over_q_target,unresolved_balanced_frontier,../open_problem_forr4_passive_floor_consolidation_round_3/notes/high_degree_record_incidence_frontier.md,0.00597045557398217,0.00018657673668694282
"[3,5,1,1]","[3,0,1,1]",10,5,"[1,1,5,3]","[[1,1,1],[3,1,1]]",0.03125,1.0,provisional_common_1_over_q_target,unresolved_balanced_frontier,../open_problem_forr4_passive_floor_consolidation_round_3/notes/high_degree_record_incidence_frontier.md,0.003109374909496691,9.716796592177159e-05
"[3,5,1,1]","[3,1,0,1]",10,5,"[1,1,5,3]","[[1,1,1],[3,1,1]]",0.03125,1.0,provisional_common_1_over_q_target,unresolved_balanced_frontier,../open_problem_forr4_passive_floor_consolidation_round_3/notes/high_degree_record_incidence_frontier.md,0.005301744249961666,0.00016567950781130205
"[3,5,1,1]","[3,1,1,0]",10,5,"[1,1,5,3]","[[1,1,1],[3,1,1]]",0.03125,1.0,provisional_common_1_over_q_target,unresolved_balanced_frontier,../open_problem_forr4_passive_floor_consolidation_round_3/notes/high_degree_record_incidence_frontier.md,0.004125246141746371,0.00012891394192957408
"[3,5,1,1]","[3,2,0,0]",10,5,"[1,1,5,3]","[[1,1,1],[3,1,1]]",0.03125,1.0,provisional_common_1_over_q_target,unresolved_balanced_frontier,../open_problem_forr4_passive_floor_consolidation_round_3/notes/high_degree_record_incidence_frontier.md,0.003710215551315512,0.00011594423597860975
"[3,5,1,3]","[0,2,1,3]",12,6,"[3,1,5,3]","[[1,1,1],[3,1,1]]",0.03125,1.0,provisional_common_1_over_q_target,unresolved_balanced_frontier,../open_problem_forr4_passive_floor_consolidation_round_3/notes/high_degree_record_incidence_frontier.md,0.000989307041964608,3.0915845061394e-05
"[3,5,1,3]","[0,3,0,3]",12,6,"[3,1,5,3]","[[1,1,1],[3,1,1]]",0.03125,1.0,provisional_common_1_over_q_target,unresolved_balanced_frontier,../open_problem_forr4_passive_floor_consolidation_round_3/notes/high_degree_record_incidence_frontier.md,6.880852613243867e-24,2.1502664416387086e-25
"[3,5,1,3]","[0,3,1,2]",12,6,"[3,1,5,3]","[[1,1,1],[3,1,1]]",0.03125,1.0,provisional_common_1_over_q_target,unresolved_balanced_frontier,../open_problem_forr4_passive_floor_consolidation_round_3/notes/high_degree_record_incidence_frontier.md,2.307329188439823e-22,7.210403713874447e-24
"[3,5,1,3]","[0,4,0,2]",12,6,"[3,1,5,3]","[[1,1,1],[3,1,1]]",0.03125,1.0,provisional_common_1_over_q_target,unresolved_balanced_frontier,../open_problem_forr4_passive_floor_consolidation_round_3/notes/high_degree_record_incidence_frontier.md,3.720886376479603e-24,1.162776992649876e-25
"[3,5,1,3]","[0,4,1,1]",12,6,"[3,1,5,3]","[[1,1,1],[3,1,1]]",0.03125,1.0,provisional_common_1_over_q_target,unresolved_balanced_frontier,../open_problem_forr4_passive_floor_consolidation_round_3/notes/high_degree_record_incidence_frontier.md,0.0022768280577888447,7.11508768059014e-05
"[3,5,1,3]","[0,5,0,1]",12,6,"[3,1,5,3]","[[1,1,1],[3,1,1]]",0.03125,1.0,provisional_common_1_over_q_target,unresolved_balanced_frontier,../open_problem_forr4_passive_floor_consolidation_round_3/notes/high_degree_record_incidence_frontier.md,7.647044744086931e-24,2.389701482527166e-25
"[3,5,1,3]","[0,5,1,0]",12,6,"[3,1,5,3]","[[1,1,1],[3,1,1]]",0.03125,1.0,provisional_common_1_over_q_target,unresolved_balanced_frontier,../open_problem_forr4_passive_floor_consolidation_round_3/notes/high_degree_record_incidence_frontier.md,7.547428328575132e-23,2.3585713526797288e-24
"[3,5,1,3]","[1,1,1,3]",12,6,"[3,1,5,3]","[[1,1,1],[3,1,1]]",0.03125,1.0,provisional_common_1_over_q_target,unresolved_balanced_frontier,../open_problem_forr4_passive_floor_consolidation_round_3/notes/high_degree_record_incidence_frontier.md,3.352051780856337e-24,1.0475161815176053e-25
"[3,5,1,3]","[1,2,0,3]",12,6,"[3,1,5,3]","[[1,1,1],[3,1,1]]",0.03125,1.0,provisional_common_1_over_q_target,unresolved_balanced_frontier,../open_problem_forr4_passive_floor_consolidation_round_3/notes/high_degree_record_incidence_frontier.md,2.461419478658956e-22,7.691935870809238e-24
"[3,5,1,3]","[1,2,1,2]",12,6,"[3,1,5,3]","[[1,1,1],[3,1,1]]",0.03125,1.0,provisional_common_1_over_q_target,unresolved_balanced_frontier,../open_problem_forr4_passive_floor_consolidation_round_3/notes/high_degree_record_incidence_frontier.md,2.067422166276333e-23,6.460694269613541e-25
"[3,5,1,3]","[1,3,0,2]",12,6,"[3,1,5,3]","[[1,1,1],[3,1,1]]",0.03125,1.0,provisional_common_1_over_q_target,unresolved_balanced_frontier,../open_problem_forr4_passive_floor_consolidation_round_3/notes/high_degree_record_incidence_frontier.md,0.0029807459568512665,9.314831115160208e-05
"[3,5,1,3]","[1,3,1,1]",12,6,"[3,1,5,3]","[[1,1,1],[3,1,1]]",0.03125,1.0,provisional_common_1_over_q_target,unresolved_balanced_frontier,../open_problem_forr4_passive_floor_consolidation_round_3/notes/high_degree_record_incidence_frontier.md,8.041074084804332e-24,2.5128356515013536e-25
"[3,5,1,3]","[1,4,0,1]",12,6,"[3,1,5,3]","[[1,1,1],[3,1,1]]",0.03125,1.0,provisional_common_1_over_q_target,unresolved_balanced_frontier,../open_problem_forr4_passive_floor_consolidation_round_3/notes/high_degree_record_incidence_frontier.md,3.381739622441762e-22,1.0567936320130506e-23
"[3,5,1,3]","[1,4,1,0]",12,6,"[3,1,5,3]","[[1,1,1],[3,1,1]]",0.03125,1.0,provisional_common_1_over_q_target,unresolved_balanced_frontier,../open_problem_forr4_passive_floor_consolidation_round_3/notes/high_degree_record_incidence_frontier.md,1.56417780536412e-23,4.888055641762875e-25
"[3,5,1,3]","[1,5,0,0]",12,6,"[3,1,5,3]","[[1,1,1],[3,1,1]]",0.03125,1.0,provisional_common_1_over_q_target,unresolved_balanced_frontier,../open_problem_forr4_passive_floor_consolidation_round_3/notes/high_degree_record_incidence_frontier.md,0.0008936169085056348,2.792552839080109e-05
"[3,5,1,3]","[2,0,1,3]",12,6,"[3,1,5,3]","[[1,1,1],[3,1,1]]",0.03125,1.0,provisional_common_1_over_q_target,unresolved_balanced_frontier,../open_problem_forr4_passive_floor_consolidation_round_3/notes/high_degree_record_incidence_frontier.md,0.0008936169085056348,2.792552839080109e-05
"[3,5,1,3]","[2,1,0,3]",12,6,"[3,1,5,3]","[[1,1,1],[3,1,1]]",0.03125,1.0,provisional_common_1_over_q_target,unresolved_balanced_frontier,../open_problem_forr4_passive_floor_consolidation_round_3/notes/high_degree_record_incidence_frontier.md,1.56417780536412e-23,4.888055641762875e-25
"[3,5,1,3]","[2,1,1,2]",12,6,"[3,1,5,3]","[[1,1,1],[3,1,1]]",0.03125,1.0,provisional_common_1_over_q_target,unresolved_balanced_frontier,../open_problem_forr4_passive_floor_consolidation_round_3/notes/high_degree_record_incidence_frontier.md,3.381739622441762e-22,1.0567936320130506e-23
"[3,5,1,3]","[2,2,0,2]",12,6,"[3,1,5,3]","[[1,1,1],[3,1,1]]",0.03125,1.0,provisional_common_1_over_q_target,unresolved_balanced_frontier,../open_problem_forr4_passive_floor_consolidation_round_3/notes/high_degree_record_incidence_frontier.md,8.041074084804332e-24,2.5128356515013536e-25
"[3,5,1,3]","[2,2,1,1]",12,6,"[3,1,5,3]","[[1,1,1],[3,1,1]]",0.03125,1.0,provisional_common_1_over_q_target,unresolved_balanced_frontier,../open_problem_forr4_passive_floor_consolidation_round_3/notes/high_degree_record_incidence_frontier.md,0.0029807459568512665,9.314831115160208e-05
"[3,5,1,3]","[2,3,0,1]",12,6,"[3,1,5,3]","[[1,1,1],[3,1,1]]",0.03125,1.0,provisional_common_1_over_q_target,unresolved_balanced_frontier,../open_problem_forr4_passive_floor_consolidation_round_3/notes/high_degree_record_incidence_frontier.md,2.067422166276333e-23,6.460694269613541e-25
"[3,5,1,3]","[2,3,1,0]",12,6,"[3,1,5,3]","[[1,1,1],[3,1,1]]",0.03125,1.0,provisional_common_1_over_q_target,unresolved_balanced_frontier,../open_problem_forr4_passive_floor_consolidation_round_3/notes/high_degree_record_incidence_frontier.md,2.461419478658956e-22,7.691935870809238e-24
"[3,5,1,3]","[2,4,0,0]",12,6,"[3,1,5,3]","[[1,1,1],[3,1,1]]",0.03125,1.0,provisional_common_1_over_q_target,unresolved_balanced_frontier,../open_problem_forr4_passive_floor_consolidation_round_3/notes/high_degree_record_incidence_frontier.md,3.352051780856337e-24,1.0475161815176053e-25
"[3,5,1,3]","[3,0,0,3]",12,6,"[3,1,5,3]","[[1,1,1],[3,1,1]]",0.03125,1.0,provisional_common_1_over_q_target,unresolved_balanced_frontier,../open_problem_forr4_passive_floor_consolidation_round_3/notes/high_degree_record_incidence_frontier.md,7.547428328575132e-23,2.3585713526797288e-24
"[3,5,1,3]","[3,0,1,2]",12,6,"[3,1,5,3]","[[1,1,1],[3,1,1]]",0.03125,1.0,provisional_common_1_over_q_target,unresolved_balanced_frontier,../open_problem_forr4_passive_floor_consolidation_round_3/notes/high_degree_record_incidence_frontier.md,7.647044744086931e-24,2.389701482527166e-25
"[3,5,1,3]","[3,1,0,2]",12,6,"[3,1,5,3]","[[1,1,1],[3,1,1]]",0.03125,1.0,provisional_common_1_over_q_target,unresolved_balanced_frontier,../open_problem_forr4_passive_floor_consolidation_round_3/notes/high_degree_record_incidence_frontier.md,0.0022768280577888447,7.11508768059014e-05
"[3,5,1,3]","[3,1,1,1]",12,6,"[3,1,5,3]","[[1,1,1],[3,1,1]]",0.03125,1.0,provisional_common_1_over_q_target,unresolved_balanced_frontier,../open_problem_forr4_passive_floor_consolidation_round_3/notes/high_degree_record_incidence_frontier.md,3.720886376479603e-24,1.162776992649876e-25
"[3,5,1,3]","[3,2,0,1]",12,6,"[3,1,5,3]","[[1,1,1],[3,1,1]]",0.03125,1.0,provisional_common_1_over_q_target,unresolved_balanced_frontier,../open_problem_forr4_passive_floor_consolidation_round_3/notes/high_degree_record_incidence_frontier.md,2.307329188439823e-22,7.210403713874447e-24
"[3,5,1,3]","[3,2,1,0]",12,6,"[3,1,5,3]","[[1,1,1],[3,1,1]]",0.03125,1.0,provisional_common_1_over_q_target,unresolved_balanced_frontier,../open_problem_forr4_passive_floor_consolidation_round_3/notes/high_degree_record_incidence_frontier.md,6.880852613243867e-24,2.1502664416387086e-25
"[3,5,1,3]","[3,3,0,0]",12,6,"[3,1,5,3]","[[1,1,1],[3,1,1]]",0.03125,1.0,provisional_common_1_over_q_target,unresolved_balanced_frontier,../open_problem_forr4_passive_floor_consolidation_round_3/notes/high_degree_record_incidence_frontier.md,0.000989307041964608,3.0915845061394e-05
"[3,5,3,1]","[0,2,3,1]",12,6,"[1,3,5,3]","[[1,1,1],[1,3,1],[3,1,1],[3,3,1]]",0.03125,1.0,provisional_common_1_over_q_target,unresolved_balanced_frontier,../open_problem_forr4_passive_floor_consolidation_round_3/notes/high_degree_record_incidence_frontier.md,0.0007898094305567822,2.4681544704899444e-05
"[3,5,3,1]","[0,3,2,1]",12,6,"[1,3,5,3]","[[1,1,1],[1,3,1],[3,1,1],[3,3,1]]",0.03125,1.0,provisional_common_1_over_q_target,unresolved_balanced_frontier,../open_problem_forr4_passive_floor_consolidation_round_3/notes/high_degree_record_incidence_frontier.md,1.3373903356399902e-23,4.1793447988749695e-25
"[3,5,3,1]","[0,3,3,0]",12,6,"[1,3,5,3]","[[1,1,1],[1,3,1],[3,1,1],[3,3,1]]",0.03125,1.0,provisional_common_1_over_q_target,unresolved_balanced_frontier,../open_problem_forr4_passive_floor_consolidation_round_3/notes/high_degree_record_incidence_frontier.md,1.2757432145025131e-22,3.9866975453203536e-24
"[3,5,3,1]","[0,4,1,1]",12,6,"[1,3,5,3]","[[1,1,1],[1,3,1],[3,1,1],[3,3,1]]",0.03125,1.0,provisional_common_1_over_q_target,unresolved_balanced_frontier,../open_problem_forr4_passive_floor_consolidation_round_3/notes/high_degree_record_incidence_frontier.md,0.001771582278960594,5.5361946217518564e-05
"[3,5,3,1]","[0,4,2,0]",12,6,"[1,3,5,3]","[[1,1,1],[1,3,1],[3,1,1],[3,3,1]]",0.03125,1.0,provisional_common_1_over_q_target,unresolved_balanced_frontier,../open_problem_forr4_passive_floor_consolidation_round_3/notes/high_degree_record_incidence_frontier.md,4.5459900586728035e-24,1.420621893335251e-25
"[3,5,3,1]","[0,5,0,1]",12,6,"[1,3,5,3]","[[1,1,1],[1,3,1],[3,1,1],[3,3,1]]",0.03125,1.0,provisional_common_1_over_q_target,unresolved_balanced_frontier,../open_problem_forr4_passive_floor_consolidation_round_3/notes/high_degree_record_incidence_frontier.md,2.3812048009746427e-24,7.441265003045759e-26
"[3,5,3,1]","[0,5,1,0]",12,6,"[1,3,5,3]","[[1,1,1],[1,3,1],[3,1,1],[3,3,1]]",0.03125,1.0,provisional_common_1_over_q_target,unresolved_balanced_frontier,../open_problem_forr4_passive_floor_consolidation_round_3/notes/high_degree_record_incidence_frontier.md,1.0333887154416361e-22,3.2293397357551128e-24
"[3,5,3,1]","[1,1,3,1]",12,6,"[1,3,5,3]","[[1,1,1],[1,3,1],[3,1,1],[3,3,1]]",0.03125,1.0,provisional_common_1_over_q_target,unresolved_balanced_frontier,../open_problem_forr4_passive_floor_consolidation_round_3/notes/high_degree_record_incidence_frontier.md,2.248479743106289e-24,7.026499197207154e-26
"[3,5,3,1]","[1,2,2,1]",12,6,"[1,3,5,3]","[[1,1,1],[1,3,1],[3,1,1],[3,3,1]]",0.03125,1.0,provisional_common_1_over_q_target,unresolved_balanced_frontier,../open_problem_forr4_passive_floor_consolidation_round_3/notes/high_degree_record_incidence_frontier.md,3.0130489199404755e-22,9.415777874813986e-24
"[3,5,3,1]","[1,2,3,0]",12,6,"[1,3,5,3]","[[1,1,1],[1,3,1],[3,1,1],[3,3,1]]",0.03125,1.0,provisional_common_1_over_q_target,unresolved_balanced_frontier,../open_problem_forr4_passive_floor_consolidation_round_3/notes/high_degree_record_incidence_frontier.md,1.1261716489606354e-23,3.5192864030019857e-25
"[3,5,3,1]","[1,3,1,1]",12,6,"[1,3,5,3]","[[1,1,1],[1,3,1],[3,1,1],[3,3,1]]",0.03125,1.0,provisional_common_1_over_q_target,unresolved_balanced_frontier,../open_problem_forr4_passive_floor_consolidation_round_3/notes/high_degree_record_incidence_frontier.md,6.72886185729665e-24,2.102769330405203e-25
"[3,5,3,1]","[1,3,2,0]",12,6,"[1,3,5,3]","[[1,1,1],[1,3,1],[3,1,1],[3,3,1]]",0.03125,1.0,provisional_common_1_over_q_target,unresolved_balanced_frontier,../open_problem_forr4_passive_floor_consolidation_round_3/notes/high_degree_record_incidence_frontier.md,0.003218665682194814,0.00010058330256858794
"[3,5,3,1]","[1,4,0,1]",12,6,"[1,3,5,3]","[[1,1,1],[1,3,1],[3,1,1],[3,3,1]]",0.03125,1.0,provisional_common_1_over_q_target,unresolved_balanced_frontier,../open_problem_forr4_passive_floor_consolidation_round_3/notes/high_degree_record_incidence_frontier.md,1.355618849879273e-22,4.236308905872728e-24
"[3,5,3,1]","[1,4,1,0]",12,6,"[1,3,5,3]","[[1,1,1],[1,3,1],[3,1,1],[3,3,1]]",0.03125,1.0,provisional_common_1_over_q_target,unresolved_balanced_frontier,../open_problem_forr4_passive_floor_consolidation_round_3/notes/high_degree_record_incidence_frontier.md,1.7379170398281325e-23,5.430990749462914e-25
"[3,5,3,1]","[1,5,0,0]",12,6,"[1,3,5,3]","[[1,1,1],[1,3,1],[3,1,1],[3,3,1]]",0.03125,1.0,provisional_common_1_over_q_target,unresolved_balanced_frontier,../open_problem_forr4_passive_floor_consolidation_round_3/notes/high_degree_record_incidence_frontier.md,0.0005140706141918211,1.606470669349441e-05
"[3,5,3,1]","[2,0,3,1]",12,6,"[1,3,5,3]","[[1,1,1],[1,3,1],[3,1,1],[3,3,1]]",0.03125,1.0,provisional_common_1_over_q_target,unresolved_balanced_frontier,../open_problem_forr4_passive_floor_consolidation_round_3/notes/high_degree_record_incidence_frontier.md,0.0005140706141918211,1.606470669349441e-05
"[3,5,3,1]","[2,1,2,1]",12,6,"[1,3,5,3]","[[1,1,1],[1,3,1],[3,1,1],[3,3,1]]",0.03125,1.0,provisional_common_1_over_q_target,unresolved_balanced_frontier,../open_problem_forr4_passive_floor_consolidation_round_3/notes/high_degree_record_incidence_frontier.md,1.7379170398281325e-23,5.430990749462914e-25
"[3,5,3,1]","[2,1,3,0]",12,6,"[1,3,5,3]","[[1,1,1],[1,3,1],[3,1,1],[3,3,1]]",0.03125,1.0,provisional_common_1_over_q_target,unresolved_balanced_frontier,../open_problem_forr4_passive_floor_consolidation_round_3/notes/high_degree_record_incidence_frontier.md,1.355618849879273e-22,4.236308905872728e-24
"[3,5,3,1]","[2,2,1,1]",12,6,"[1,3,5,3]","[[1,1,1],[1,3,1],[3,1,1],[3,3,1]]",0.03125,1.0,provisional_common_1_over_q_target,unresolved_balanced_frontier,../open_problem_forr4_passive_floor_consolidation_round_3/notes/high_degree_record_incidence_frontier.md,0.003218665682194814,0.00010058330256858794
"[3,5,3,1]","[2,2,2,0]",12,6,"[1,3,5,3]","[[1,1,1],[1,3,1],[3,1,1],[3,3,1]]",0.03125,1.0,provisional_common_1_over_q_target,unresolved_balanced_frontier,../open_problem_forr4_passive_floor_consolidation_round_3/notes/high_degree_record_incidence_frontier.md,6.72886185729665e-24,2.102769330405203e-25
"[3,5,3,1]","[2,3,0,1]",12,6,"[1,3,5,3]","[[1,1,1],[1,3,1],[3,1,1],[3,3,1]]",0.03125,1.0,provisional_common_1_over_q_target,unresolved_balanced_frontier,../open_problem_forr4_passive_floor_consolidation_round_3/notes/high_degree_record_incidence_frontier.md,1.1261716489606354e-23,3.5192864030019857e-25
"[3,5,3,1]","[2,3,1,0]",12,6,"[1,3,5,3]","[[1,1,1],[1,3,1],[3,1,1],[3,3,1]]",0.03125,1.0,provisional_common_1_over_q_target,unresolved_balanced_frontier,../open_problem_forr4_passive_floor_consolidation_round_3/notes/high_degree_record_incidence_frontier.md,3.0130489199404755e-22,9.415777874813986e-24
"[3,5,3,1]","[2,4,0,0]",12,6,"[1,3,5,3]","[[1,1,1],[1,3,1],[3,1,1],[3,3,1]]",0.03125,1.0,provisional_common_1_over_q_target,unresolved_balanced_frontier,../open_problem_forr4_passive_floor_consolidation_round_3/notes/high_degree_record_incidence_frontier.md,2.248479743106289e-24,7.026499197207154e-26
"[3,5,3,1]","[3,0,2,1]",12,6,"[1,3,5,3]","[[1,1,1],[1,3,1],[3,1,1],[3,3,1]]",0.03125,1.0,provisional_common_1_over_q_target,unresolved_balanced_frontier,../open_problem_forr4_passive_floor_consolidation_round_3/notes/high_degree_record_incidence_frontier.md,1.0333887154416361e-22,3.2293397357551128e-24
"[3,5,3,1]","[3,0,3,0]",12,6,"[1,3,5,3]","[[1,1,1],[1,3,1],[3,1,1],[3,3,1]]",0.03125,1.0,provisional_common_1_over_q_target,unresolved_balanced_frontier,../open_problem_forr4_passive_floor_consolidation_round_3/notes/high_degree_record_incidence_frontier.md,2.3812048009746427e-24,7.441265003045759e-26
"[3,5,3,1]","[3,1,1,1]",12,6,"[1,3,5,3]","[[1,1,1],[1,3,1],[3,1,1],[3,3,1]]",0.03125,1.0,provisional_common_1_over_q_target,unresolved_balanced_frontier,../open_problem_forr4_passive_floor_consolidation_round_3/notes/high_degree_record_incidence_frontier.md,4.5459900586728035e-24,1.420621893335251e-25
"[3,5,3,1]","[3,1,2,0]",12,6,"[1,3,5,3]","[[1,1,1],[1,3,1],[3,1,1],[3,3,1]]",0.03125,1.0,provisional_common_1_over_q_target,unresolved_balanced_frontier,../open_problem_forr4_passive_floor_consolidation_round_3/notes/high_degree_record_incidence_frontier.md,0.001771582278960594,5.5361946217518564e-05
"[3,5,3,1]","[3,2,0,1]",12,6,"[1,3,5,3]","[[1,1,1],[1,3,1],[3,1,1],[3,3,1]]",0.03125,1.0,provisional_common_1_over_q_target,unresolved_balanced_frontier,../open_problem_forr4_passive_floor_consolidation_round_3/notes/high_degree_record_incidence_frontier.md,1.2757432145025131e-22,3.9866975453203536e-24
"[3,5,3,1]","[3,2,1,0]",12,6,"[1,3,5,3]","[[1,1,1],[1,3,1],[3,1,1],[3,3,1]]",0.03125,1.0,provisional_common_1_over_q_target,unresolved_balanced_frontier,../open_problem_forr4_passive_floor_consolidation_round_3/notes/high_degree_record_incidence_frontier.md,1.3373903356399902e-23,4.1793447988749695e-25
"[3,5,3,1]","[3,3,0,0]",12,6,"[1,3,5,3]","[[1,1,1],[1,3,1],[3,1,1],[3,3,1]]",0.03125,1.0,provisional_common_1_over_q_target,unresolved_balanced_frontier,../open_problem_forr4_passive_floor_consolidation_round_3/notes/high_degree_record_incidence_frontier.md,0.0007898094305567822,2.4681544704899444e-05
"[3,7,1,1]","[0,4,1,1]",12,6,"[1,1,7,3]","[[1,1,1],[3,1,1]]",0.03125,1.0,provisional_common_1_over_q_target,unresolved_balanced_frontier,../open_problem_forr4_passive_floor_consolidation_round_3/notes/high_degree_record_incidence_frontier.md,0.0006504815409399557,2.0327548154373614e-05
"[3,7,1,1]","[0,5,0,1]",12,6,"[1,1,7,3]","[[1,1,1],[3,1,1]]",0.03125,1.0,provisional_common_1_over_q_target,unresolved_balanced_frontier,../open_problem_forr4_passive_floor_consolidation_round_3/notes/high_degree_record_incidence_frontier.md,4.9424658094375066e-24,1.5445205654492208e-25
"[3,7,1,1]","[0,5,1,0]",12,6,"[1,1,7,3]","[[1,1,1],[3,1,1]]",0.03125,1.0,provisional_common_1_over_q_target,unresolved_balanced_frontier,../open_problem_forr4_passive_floor_consolidation_round_3/notes/high_degree_record_incidence_frontier.md,8.953642625765559e-23,2.798013320551737e-24
"[3,7,1,1]","[0,6,0,0]",12,6,"[1,1,7,3]","[[1,1,1],[3,1,1]]",0.03125,1.0,provisional_common_1_over_q_target,unresolved_balanced_frontier,../open_problem_forr4_passive_floor_consolidation_round_3/notes/high_degree_record_incidence_frontier.md,1.723974811852197e-24,5.387421287038115e-26
"[3,7,1,1]","[1,3,1,1]",12,6,"[1,1,7,3]","[[1,1,1],[3,1,1]]",0.03125,1.0,provisional_common_1_over_q_target,unresolved_balanced_frontier,../open_problem_forr4_passive_floor_consolidation_round_3/notes/high_degree_record_incidence_frontier.md,2.248480152464137e-24,7.026500476450428e-26
"[3,7,1,1]","[1,4,0,1]",12,6,"[1,1,7,3]","[[1,1,1],[3,1,1]]",0.03125,1.0,provisional_common_1_over_q_target,unresolved_balanced_frontier,../open_problem_forr4_passive_floor_consolidation_round_3/notes/high_degree_record_incidence_frontier.md,1.2529956701588083e-22,3.915611469246276e-24
"[3,7,1,1]","[1,4,1,0]",12,6,"[1,1,7,3]","[[1,1,1],[3,1,1]]",0.03125,1.0,provisional_common_1_over_q_target,unresolved_balanced_frontier,../open_problem_forr4_passive_floor_consolidation_round_3/notes/high_degree_record_incidence_frontier.md,8.512995048117755e-24,2.6603109525367983e-25
"[3,7,1,1]","[1,5,0,0]",12,6,"[1,1,7,3]","[[1,1,1],[3,1,1]]",0.03125,1.0,provisional_common_1_over_q_target,unresolved_balanced_frontier,../open_problem_forr4_passive_floor_consolidation_round_3/notes/high_degree_record_incidence_frontier.md,0.001040422353269475,3.251319853967109e-05
"[3,7,1,1]","[2,2,1,1]",12,6,"[1,1,7,3]","[[1,1,1],[3,1,1]]",0.03125,1.0,provisional_common_1_over_q_target,unresolved_balanced_frontier,../open_problem_forr4_passive_floor_consolidation_round_3/notes/high_degree_record_incidence_frontier.md,0.001040422353269475,3.251319853967109e-05
"[3,7,1,1]","[2,3,0,1]",12,6,"[1,1,7,3]","[[1,1,1],[3,1,1]]",0.03125,1.0,provisional_common_1_over_q_target,unresolved_balanced_frontier,../open_problem_forr4_passive_floor_consolidation_round_3/notes/high_degree_record_incidence_frontier.md,8.512995048117755e-24,2.6603109525367983e-25
"[3,7,1,1]","[2,3,1,0]",12,6,"[1,1,7,3]","[[1,1,1],[3,1,1]]",0.03125,1.0,provisional_common_1_over_q_target,unresolved_balanced_frontier,../open_problem_forr4_passive_floor_consolidation_round_3/notes/high_degree_record_incidence_frontier.md,1.2529956701588083e-22,3.915611469246276e-24
"[3,7,1,1]","[2,4,0,0]",12,6,"[1,1,7,3]","[[1,1,1],[3,1,1]]",0.03125,1.0,provisional_common_1_over_q_target,unresolved_balanced_frontier,../open_problem_forr4_passive_floor_consolidation_round_3/notes/high_degree_record_incidence_frontier.md,2.248480152464137e-24,7.026500476450428e-26
"[3,7,1,1]","[3,1,1,1]",12,6,"[1,1,7,3]","[[1,1,1],[3,1,1]]",0.03125,1.0,provisional_common_1_over_q_target,unresolved_balanced_frontier,../open_problem_forr4_passive_floor_consolidation_round_3/notes/high_degree_record_incidence_frontier.md,1.723974811852197e-24,5.387421287038115e-26
"[3,7,1,1]","[3,2,0,1]",12,6,"[1,1,7,3]","[[1,1,1],[3,1,1]]",0.03125,1.0,provisional_common_1_over_q_target,unresolved_balanced_frontier,../open_problem_forr4_passive_floor_consolidation_round_3/notes/high_degree_record_incidence_frontier.md,8.953642625765559e-23,2.798013320551737e-24
"[3,7,1,1]","[3,2,1,0]",12,6,"[1,1,7,3]","[[1,1,1],[3,1,1]]",0.03125,1.0,provisional_common_1_over_q_target,unresolved_balanced_frontier,../open_problem_forr4_passive_floor_consolidation_round_3/notes/high_degree_record_incidence_frontier.md,4.9424658094375066e-24,1.5445205654492208e-25
"[3,7,1,1]","[3,3,0,0]",12,6,"[1,1,7,3]","[[1,1,1],[3,1,1]]",0.03125,1.0,provisional_common_1_over_q_target,unresolved_balanced_frontier,../open_problem_forr4_passive_floor_consolidation_round_3/notes/high_degree_record_incidence_frontier.md,0.0006504815409399557,2.0327548154373614e-05
"[5,1,1,3]","[0,1,1,3]",10,5,"[3,1,1,5]","[[1,1,1]]",0.03125,1.0,provisional_common_1_over_q_target,unresolved_balanced_frontier,../open_problem_forr4_passive_floor_consolidation_round_3/notes/high_degree_record_incidence_frontier.md,0.0035470763395947925,0.00011084613561233727
"[5,1,1,3]","[1,0,1,3]",10,5,"[3,1,1,5]","[[1,1,1]]",0.031188905122404905,0.998044963916957,proved_arbitrary_upper,column_cubic_quintic_row,../open_problem_forr4_passive_floor_consolidation_round_3/notes/column_cubic_quintic_row_contraction.md,0.010193526230659418,0.0003179249224707823
"[5,1,1,3]","[1,1,0,3]",10,5,"[3,1,1,5]","[[1,1,1]]",0.09347527457750368,2.991208786480118,proved_arbitrary_upper,leading_disjointness,../open_problem_forr4_passive_floor_consolidation_round_3/notes/leading_balanced_disjointness_contraction.md,0.01636195344212989,0.001529438090627423
"[5,1,1,3]","[1,1,1,2]",10,5,"[3,1,1,5]","[[1,1,1]]",0.1737428008469535,5.559769627102512,proved_arbitrary_upper,separated_endpoint_slice,../open_problem_forr4_passive_floor_consolidation_round_3/notes/separated_balanced_endpoint_slice_contraction.md,0.012748534878715648,0.0022149661565231335
"[5,1,1,3]","[2,0,0,3]",10,5,"[3,1,1,5]","[[1,1,1]]",0.037095279315720764,1.1870489381030644,proved_arbitrary_upper,whole_cubic_quintic_triple,../open_problem_forr4_passive_floor_consolidation_round_3/notes/whole_cubic_quintic_triple_contraction.md,0.00806333860543262,0.0002991117977857574
"[5,1,1,3]","[2,0,1,2]",10,5,"[3,1,1,5]","[[1,1,1]]",0.014281024204693649,0.45699277455019677,physical_lower_witness_substitution,diagnostic_physical_orbit,../open_problem_forr4_passive_floor_consolidation_round_3/notes/repaired_open_profile_budget.md,0.01794917253553292,0.0002563325674341681
"[5,1,1,3]","[2,1,0,2]",10,5,"[3,1,1,5]","[[1,1,1]]",0.039593955294628,1.267006569428096,physical_lower_witness_substitution,diagnostic_physical_orbit,../open_problem_forr4_passive_floor_consolidation_round_3/notes/repaired_open_profile_budget.md,0.026821162968298673,0.0010619559275167497
"[5,1,1,3]","[2,1,1,1]",10,5,"[3,1,1,5]","[[1,1,1]]",0.02509674611853515,0.8030958757931248,proved_arbitrary_upper,internal_singleton_shared_law,../open_problem_forr4_passive_floor_consolidation_round_3/notes/internal_singleton_shared_law_contraction.md,0.012065410475303531,0.00030280254351460725
"[5,1,1,3]","[3,0,0,2]",10,5,"[3,1,1,5]","[[1,1,1]]",0.02509674611853515,0.8030958757931248,proved_arbitrary_upper,internal_singleton_shared_law,../open_problem_forr4_passive_floor_consolidation_round_3/notes/internal_singleton_shared_law_contraction.md,0.012065410475303531,0.00030280254351460725
"[5,1,1,3]","[3,0,1,1]",10,5,"[3,1,1,5]","[[1,1,1]]",0.039593955294628,1.267006569428096,physical_lower_witness_substitution,diagnostic_physical_orbit,../open_problem_forr4_passive_floor_consolidation_round_3/notes/repaired_open_profile_budget.md,0.026821162968298673,0.0010619559275167497
"[5,1,1,3]","[3,1,0,1]",10,5,"[3,1,1,5]","[[1,1,1]]",0.014281024204693649,0.45699277455019677,physical_lower_witness_substitution,diagnostic_physical_orbit,../open_problem_forr4_passive_floor_consolidation_round_3/notes/repaired_open_profile_budget.md,0.01794917253553292,0.0002563325674341681
"[5,1,1,3]","[3,1,1,0]",10,5,"[3,1,1,5]","[[1,1,1]]",0.037095279315720764,1.1870489381030644,proved_arbitrary_upper,whole_cubic_quintic_triple,../open_problem_forr4_passive_floor_consolidation_round_3/notes/whole_cubic_quintic_triple_contraction.md,0.00806333860543262,0.0002991117977857574
"[5,1,1,3]","[4,0,0,1]",10,5,"[3,1,1,5]","[[1,1,1]]",0.1737428008469535,5.559769627102512,proved_arbitrary_upper,separated_endpoint_slice,../open_problem_forr4_passive_floor_consolidation_round_3/notes/separated_balanced_endpoint_slice_contraction.md,0.012748534878715648,0.0022149661565231335
"[5,1,1,3]","[4,0,1,0]",10,5,"[3,1,1,5]","[[1,1,1]]",0.09347527457750368,2.991208786480118,proved_arbitrary_upper,leading_disjointness,../open_problem_forr4_passive_floor_consolidation_round_3/notes/leading_balanced_disjointness_contraction.md,0.01636195344212989,0.001529438090627423
"[5,1,1,3]","[4,1,0,0]",10,5,"[3,1,1,5]","[[1,1,1]]",0.031188905122404905,0.998044963916957,proved_arbitrary_upper,column_cubic_quintic_row,../open_problem_forr4_passive_floor_consolidation_round_3/notes/column_cubic_quintic_row_contraction.md,0.010193526230659418,0.0003179249224707823
"[5,1,1,3]","[5,0,0,0]",10,5,"[3,1,1,5]","[[1,1,1]]",0.03125,1.0,provisional_common_1_over_q_target,unresolved_balanced_frontier,../open_problem_forr4_passive_floor_consolidation_round_3/notes/high_degree_record_incidence_frontier.md,0.0035470763395947925,0.00011084613561233727
"[5,1,1,5]","[0,0,1,5]",12,6,"[5,1,1,5]","[[1,1,1]]",0.03125,1.0,provisional_common_1_over_q_target,unresolved_balanced_frontier,../open_problem_forr4_passive_floor_consolidation_round_3/notes/high_degree_record_incidence_frontier.md,0.0008612049969624692,2.6912656155077164e-05
"[5,1,1,5]","[0,1,0,5]",12,6,"[5,1,1,5]","[[1,1,1]]",0.03125,1.0,provisional_common_1_over_q_target,unresolved_balanced_frontier,../open_problem_forr4_passive_floor_consolidation_round_3/notes/high_degree_record_incidence_frontier.md,1.0499961728319379e-23,3.281238040099806e-25
"[5,1,1,5]","[0,1,1,4]",12,6,"[5,1,1,5]","[[1,1,1]]",0.03125,1.0,provisional_common_1_over_q_target,unresolved_balanced_frontier,../open_problem_forr4_passive_floor_consolidation_round_3/notes/high_degree_record_incidence_frontier.md,2.9599272504771025e-22,9.249772657740945e-24
"[5,1,1,5]","[1,0,0,5]",12,6,"[5,1,1,5]","[[1,1,1]]",0.03125,1.0,provisional_common_1_over_q_target,unresolved_balanced_frontier,../open_problem_forr4_passive_floor_consolidation_round_3/notes/high_degree_record_incidence_frontier.md,2.9599283819981464e-22,9.249776193744207e-24
"[5,1,1,5]","[1,0,1,4]",12,6,"[5,1,1,5]","[[1,1,1]]",0.03125,1.0,provisional_common_1_over_q_target,unresolved_balanced_frontier,../open_problem_forr4_passive_floor_consolidation_round_3/notes/high_degree_record_incidence_frontier.md,2.2647401123414553e-23,7.077312851067048e-25
"[5,1,1,5]","[1,1,0,4]",12,6,"[5,1,1,5]","[[1,1,1]]",0.03125,1.0,provisional_common_1_over_q_target,unresolved_balanced_frontier,../open_problem_forr4_passive_floor_consolidation_round_3/notes/high_degree_record_incidence_frontier.md,0.00496857231739158,0.00015526788491848688
"[5,1,1,5]","[1,1,1,3]",12,6,"[5,1,1,5]","[[1,1,1]]",0.03125,1.0,provisional_common_1_over_q_target,unresolved_balanced_frontier,../open_problem_forr4_passive_floor_consolidation_round_3/notes/high_degree_record_incidence_frontier.md,1.0106825848693486e-23,3.1583830777167143e-25
"[5,1,1,5]","[2,0,0,4]",12,6,"[5,1,1,5]","[[1,1,1]]",0.03125,1.0,provisional_common_1_over_q_target,unresolved_balanced_frontier,../open_problem_forr4_passive_floor_consolidation_round_3/notes/high_degree_record_incidence_frontier.md,1.0106830393712233e-23,3.158384498035073e-25
"[5,1,1,5]","[2,0,1,3]",12,6,"[5,1,1,5]","[[1,1,1]]",0.03125,1.0,provisional_common_1_over_q_target,unresolved_balanced_frontier,../open_problem_forr4_passive_floor_consolidation_round_3/notes/high_degree_record_incidence_frontier.md,0.004450361250087487,0.00013907378906523397
"[5,1,1,5]","[2,1,0,3]",12,6,"[5,1,1,5]","[[1,1,1]]",0.03125,1.0,provisional_common_1_over_q_target,unresolved_balanced_frontier,../open_problem_forr4_passive_floor_consolidation_round_3/notes/high_degree_record_incidence_frontier.md,3.4189168172494504e-23,1.0684115053904533e-24
"[5,1,1,5]","[2,1,1,2]",12,6,"[5,1,1,5]","[[1,1,1]]",0.03125,1.0,provisional_common_1_over_q_target,unresolved_balanced_frontier,../open_problem_forr4_passive_floor_consolidation_round_3/notes/high_degree_record_incidence_frontier.md,4.851896625145055e-22,1.5162176953578297e-23
"[5,1,1,5]","[3,0,0,3]",12,6,"[5,1,1,5]","[[1,1,1]]",0.03125,1.0,provisional_common_1_over_q_target,unresolved_balanced_frontier,../open_problem_forr4_passive_floor_consolidation_round_3/notes/high_degree_record_incidence_frontier.md,4.851896625145055e-22,1.5162176953578297e-23
"[5,1,1,5]","[3,0,1,2]",12,6,"[5,1,1,5]","[[1,1,1]]",0.03125,1.0,provisional_common_1_over_q_target,unresolved_balanced_frontier,../open_problem_forr4_passive_floor_consolidation_round_3/notes/high_degree_record_incidence_frontier.md,3.4189168172494504e-23,1.0684115053904533e-24
"[5,1,1,5]","[3,1,0,2]",12,6,"[5,1,1,5]","[[1,1,1]]",0.03125,1.0,provisional_common_1_over_q_target,unresolved_balanced_frontier,../open_problem_forr4_passive_floor_consolidation_round_3/notes/high_degree_record_incidence_frontier.md,0.004450361250087487,0.00013907378906523397
"[5,1,1,5]","[3,1,1,1]",12,6,"[5,1,1,5]","[[1,1,1]]",0.03125,1.0,provisional_common_1_over_q_target,unresolved_balanced_frontier,../open_problem_forr4_passive_floor_consolidation_round_3/notes/high_degree_record_incidence_frontier.md,1.0106830393712233e-23,3.158384498035073e-25
"[5,1,1,5]","[4,0,0,2]",12,6,"[5,1,1,5]","[[1,1,1]]",0.03125,1.0,provisional_common_1_over_q_target,unresolved_balanced_frontier,../open_problem_forr4_passive_floor_consolidation_round_3/notes/high_degree_record_incidence_frontier.md,1.0106825848693486e-23,3.1583830777167143e-25
"[5,1,1,5]","[4,0,1,1]",12,6,"[5,1,1,5]","[[1,1,1]]",0.03125,1.0,provisional_common_1_over_q_target,unresolved_balanced_frontier,../open_problem_forr4_passive_floor_consolidation_round_3/notes/high_degree_record_incidence_frontier.md,0.00496857231739158,0.00015526788491848688
"[5,1,1,5]","[4,1,0,1]",12,6,"[5,1,1,5]","[[1,1,1]]",0.03125,1.0,provisional_common_1_over_q_target,unresolved_balanced_frontier,../open_problem_forr4_passive_floor_consolidation_round_3/notes/high_degree_record_incidence_frontier.md,2.2647401123414553e-23,7.077312851067048e-25
"[5,1,1,5]","[4,1,1,0]",12,6,"[5,1,1,5]","[[1,1,1]]",0.03125,1.0,provisional_common_1_over_q_target,unresolved_balanced_frontier,../open_problem_forr4_passive_floor_consolidation_round_3/notes/high_degree_record_incidence_frontier.md,2.9599283819981464e-22,9.249776193744207e-24
"[5,1,1,5]","[5,0,0,1]",12,6,"[5,1,1,5]","[[1,1,1]]",0.03125,1.0,provisional_common_1_over_q_target,unresolved_balanced_frontier,../open_problem_forr4_passive_floor_consolidation_round_3/notes/high_degree_record_incidence_frontier.md,2.9599272504771025e-22,9.249772657740945e-24
"[5,1,1,5]","[5,0,1,0]",12,6,"[5,1,1,5]","[[1,1,1]]",0.03125,1.0,provisional_common_1_over_q_target,unresolved_balanced_frontier,../open_problem_forr4_passive_floor_consolidation_round_3/notes/high_degree_record_incidence_frontier.md,1.0499961728319379e-23,3.281238040099806e-25
"[5,1,1,5]","[5,1,0,0]",12,6,"[5,1,1,5]","[[1,1,1]]",0.03125,1.0,provisional_common_1_over_q_target,unresolved_balanced_frontier,../open_problem_forr4_passive_floor_consolidation_round_3/notes/high_degree_record_incidence_frontier.md,0.0008612049969624692,2.6912656155077164e-05
"[5,1,3,3]","[0,0,3,3]",12,6,"[3,3,1,5]","[[1,1,1],[1,1,3]]",0.03125,1.0,provisional_common_1_over_q_target,unresolved_balanced_frontier,../open_problem_forr4_passive_floor_consolidation_round_3/notes/high_degree_record_incidence_frontier.md,0.0005593139424728989,1.747856070227809e-05
"[5,1,3,3]","[0,1,2,3]",12,6,"[3,3,1,5]","[[1,1,1],[1,1,3]]",0.03125,1.0,provisional_common_1_over_q_target,unresolved_balanced_frontier,../open_problem_forr4_passive_floor_consolidation_round_3/notes/high_degree_record_incidence_frontier.md,1.2245833655860533e-23,3.8268230174564164e-25
"[5,1,3,3]","[0,1,3,2]",12,6,"[3,3,1,5]","[[1,1,1],[1,1,3]]",0.03125,1.0,provisional_common_1_over_q_target,unresolved_balanced_frontier,../open_problem_forr4_passive_floor_consolidation_round_3/notes/high_degree_record_incidence_frontier.md,2.0725045465464186e-22,6.476576707957558e-24
"[5,1,3,3]","[1,0,2,3]",12,6,"[3,3,1,5]","[[1,1,1],[1,1,3]]",0.03125,1.0,provisional_common_1_over_q_target,unresolved_balanced_frontier,../open_problem_forr4_passive_floor_consolidation_round_3/notes/high_degree_record_incidence_frontier.md,3.0458392497083297e-22,9.51824765533853e-24
"[5,1,3,3]","[1,0,3,2]",12,6,"[3,3,1,5]","[[1,1,1],[1,1,3]]",0.03125,1.0,provisional_common_1_over_q_target,unresolved_balanced_frontier,../open_problem_forr4_passive_floor_consolidation_round_3/notes/high_degree_record_incidence_frontier.md,1.5144314895622102e-23,4.732598404881907e-25
"[5,1,3,3]","[1,1,1,3]",12,6,"[3,3,1,5]","[[1,1,1],[1,1,3]]",0.03125,1.0,provisional_common_1_over_q_target,unresolved_balanced_frontier,../open_problem_forr4_passive_floor_consolidation_round_3/notes/high_degree_record_incidence_frontier.md,7.538708493070972e-24,2.3558464040846787e-25
"[5,1,3,3]","[1,1,2,2]",12,6,"[3,3,1,5]","[[1,1,1],[1,1,3]]",0.03125,1.0,provisional_common_1_over_q_target,unresolved_balanced_frontier,../open_problem_forr4_passive_floor_consolidation_round_3/notes/high_degree_record_incidence_frontier.md,0.005474843851204133,0.00017108887035012917
"[5,1,3,3]","[1,1,3,1]",12,6,"[3,3,1,5]","[[1,1,1],[1,1,3]]",0.03125,1.0,provisional_common_1_over_q_target,unresolved_balanced_frontier,../open_problem_forr4_passive_floor_consolidation_round_3/notes/high_degree_record_incidence_frontier.md,6.779427847049803e-24,2.1185712022030635e-25
"[5,1,3,3]","[2,0,1,3]",12,6,"[3,3,1,5]","[[1,1,1],[1,1,3]]",0.03125,1.0,provisional_common_1_over_q_target,unresolved_balanced_frontier,../open_problem_forr4_passive_floor_consolidation_round_3/notes/high_degree_record_incidence_frontier.md,0.0034627916230462654,0.0001082122382201958
"[5,1,3,3]","[2,0,2,2]",12,6,"[3,3,1,5]","[[1,1,1],[1,1,3]]",0.03125,1.0,provisional_common_1_over_q_target,unresolved_balanced_frontier,../open_problem_forr4_passive_floor_consolidation_round_3/notes/high_degree_record_incidence_frontier.md,1.1987699679700857e-23,3.746156149906518e-25
"[5,1,3,3]","[2,0,3,1]",12,6,"[3,3,1,5]","[[1,1,1],[1,1,3]]",0.03125,1.0,provisional_common_1_over_q_target,unresolved_balanced_frontier,../open_problem_forr4_passive_floor_consolidation_round_3/notes/high_degree_record_incidence_frontier.md,0.0025601574001478614,8.000491875462067e-05
"[5,1,3,3]","[2,1,0,3]",12,6,"[3,3,1,5]","[[1,1,1],[1,1,3]]",0.03125,1.0,provisional_common_1_over_q_target,unresolved_balanced_frontier,../open_problem_forr4_passive_floor_consolidation_round_3/notes/high_degree_record_incidence_frontier.md,1.0646127244988942e-23,3.3269147640590445e-25
"[5,1,3,3]","[2,1,1,2]",12,6,"[3,3,1,5]","[[1,1,1],[1,1,3]]",0.03125,1.0,provisional_common_1_over_q_target,unresolved_balanced_frontier,../open_problem_forr4_passive_floor_consolidation_round_3/notes/high_degree_record_incidence_frontier.md,6.643183615180912e-22,2.075994879744035e-23
"[5,1,3,3]","[2,1,2,1]",12,6,"[3,3,1,5]","[[1,1,1],[1,1,3]]",0.03125,1.0,provisional_common_1_over_q_target,unresolved_balanced_frontier,../open_problem_forr4_passive_floor_consolidation_round_3/notes/high_degree_record_incidence_frontier.md,3.798669034988393e-23,1.1870840734338728e-24
"[5,1,3,3]","[2,1,3,0]",12,6,"[3,3,1,5]","[[1,1,1],[1,1,3]]",0.03125,1.0,provisional_common_1_over_q_target,unresolved_balanced_frontier,../open_problem_forr4_passive_floor_consolidation_round_3/notes/high_degree_record_incidence_frontier.md,1.9449523786704647e-22,6.077976183345202e-24
"[5,1,3,3]","[3,0,0,3]",12,6,"[3,3,1,5]","[[1,1,1],[1,1,3]]",0.03125,1.0,provisional_common_1_over_q_target,unresolved_balanced_frontier,../open_problem_forr4_passive_floor_consolidation_round_3/notes/high_degree_record_incidence_frontier.md,1.9449523786704647e-22,6.077976183345202e-24
"[5,1,3,3]","[3,0,1,2]",12,6,"[3,3,1,5]","[[1,1,1],[1,1,3]]",0.03125,1.0,provisional_common_1_over_q_target,unresolved_balanced_frontier,../open_problem_forr4_passive_floor_consolidation_round_3/notes/high_degree_record_incidence_frontier.md,3.798669034988393e-23,1.1870840734338728e-24
"[5,1,3,3]","[3,0,2,1]",12,6,"[3,3,1,5]","[[1,1,1],[1,1,3]]",0.03125,1.0,provisional_common_1_over_q_target,unresolved_balanced_frontier,../open_problem_forr4_passive_floor_consolidation_round_3/notes/high_degree_record_incidence_frontier.md,6.643183615180912e-22,2.075994879744035e-23
"[5,1,3,3]","[3,0,3,0]",12,6,"[3,3,1,5]","[[1,1,1],[1,1,3]]",0.03125,1.0,provisional_common_1_over_q_target,unresolved_balanced_frontier,../open_problem_forr4_passive_floor_consolidation_round_3/notes/high_degree_record_incidence_frontier.md,1.0646127244988942e-23,3.3269147640590445e-25
"[5,1,3,3]","[3,1,0,2]",12,6,"[3,3,1,5]","[[1,1,1],[1,1,3]]",0.03125,1.0,provisional_common_1_over_q_target,unresolved_balanced_frontier,../open_problem_forr4_passive_floor_consolidation_round_3/notes/high_degree_record_incidence_frontier.md,0.0025601574001478614,8.000491875462067e-05
"[5,1,3,3]","[3,1,1,1]",12,6,"[3,3,1,5]","[[1,1,1],[1,1,3]]",0.03125,1.0,provisional_common_1_over_q_target,unresolved_balanced_frontier,../open_problem_forr4_passive_floor_consolidation_round_3/notes/high_degree_record_incidence_frontier.md,1.1987699679700857e-23,3.746156149906518e-25
"[5,1,3,3]","[3,1,2,0]",12,6,"[3,3,1,5]","[[1,1,1],[1,1,3]]",0.03125,1.0,provisional_common_1_over_q_target,unresolved_balanced_frontier,../open_problem_forr4_passive_floor_consolidation_round_3/notes/high_degree_record_incidence_frontier.md,0.0034627916230462654,0.0001082122382201958
"[5,1,3,3]","[4,0,0,2]",12,6,"[3,3,1,5]","[[1,1,1],[1,1,3]]",0.03125,1.0,provisional_common_1_over_q_target,unresolved_balanced_frontier,../open_problem_forr4_passive_floor_consolidation_round_3/notes/high_degree_record_incidence_frontier.md,6.779427847049803e-24,2.1185712022030635e-25
"[5,1,3,3]","[4,0,1,1]",12,6,"[3,3,1,5]","[[1,1,1],[1,1,3]]",0.03125,1.0,provisional_common_1_over_q_target,unresolved_balanced_frontier,../open_problem_forr4_passive_floor_consolidation_round_3/notes/high_degree_record_incidence_frontier.md,0.005474843851204133,0.00017108887035012917
"[5,1,3,3]","[4,0,2,0]",12,6,"[3,3,1,5]","[[1,1,1],[1,1,3]]",0.03125,1.0,provisional_common_1_over_q_target,unresolved_balanced_frontier,../open_problem_forr4_passive_floor_consolidation_round_3/notes/high_degree_record_incidence_frontier.md,7.538708493070972e-24,2.3558464040846787e-25
"[5,1,3,3]","[4,1,0,1]",12,6,"[3,3,1,5]","[[1,1,1],[1,1,3]]",0.03125,1.0,provisional_common_1_over_q_target,unresolved_balanced_frontier,../open_problem_forr4_passive_floor_consolidation_round_3/notes/high_degree_record_incidence_frontier.md,1.5144314895622102e-23,4.732598404881907e-25
"[5,1,3,3]","[4,1,1,0]",12,6,"[3,3,1,5]","[[1,1,1],[1,1,3]]",0.03125,1.0,provisional_common_1_over_q_target,unresolved_balanced_frontier,../open_problem_forr4_passive_floor_consolidation_round_3/notes/high_degree_record_incidence_frontier.md,3.0458392497083297e-22,9.51824765533853e-24
"[5,1,3,3]","[5,0,0,1]",12,6,"[3,3,1,5]","[[1,1,1],[1,1,3]]",0.03125,1.0,provisional_common_1_over_q_target,unresolved_balanced_frontier,../open_problem_forr4_passive_floor_consolidation_round_3/notes/high_degree_record_incidence_frontier.md,2.0725045465464186e-22,6.476576707957558e-24
"[5,1,3,3]","[5,0,1,0]",12,6,"[3,3,1,5]","[[1,1,1],[1,1,3]]",0.03125,1.0,provisional_common_1_over_q_target,unresolved_balanced_frontier,../open_problem_forr4_passive_floor_consolidation_round_3/notes/high_degree_record_incidence_frontier.md,1.2245833655860533e-23,3.8268230174564164e-25
"[5,1,3,3]","[5,1,0,0]",12,6,"[3,3,1,5]","[[1,1,1],[1,1,3]]",0.03125,1.0,provisional_common_1_over_q_target,unresolved_balanced_frontier,../open_problem_forr4_passive_floor_consolidation_round_3/notes/high_degree_record_incidence_frontier.md,0.0005593139424728989,1.747856070227809e-05
"[5,1,5,1]","[0,0,5,1]",12,6,"[1,5,1,5]","[[1,1,1]]",0.03125,1.0,provisional_common_1_over_q_target,unresolved_balanced_frontier,../open_problem_forr4_passive_floor_consolidation_round_3/notes/high_degree_record_incidence_frontier.md,0.00039310359491620496,1.2284487341131405e-05
"[5,1,5,1]","[0,1,4,1]",12,6,"[1,5,1,5]","[[1,1,1]]",0.03125,1.0,provisional_common_1_over_q_target,unresolved_balanced_frontier,../open_problem_forr4_passive_floor_consolidation_round_3/notes/high_degree_record_incidence_frontier.md,8.668333644927544e-24,2.7088542640398576e-25
"[5,1,5,1]","[0,1,5,0]",12,6,"[1,5,1,5]","[[1,1,1]]",0.03125,1.0,provisional_common_1_over_q_target,unresolved_balanced_frontier,../open_problem_forr4_passive_floor_consolidation_round_3/notes/high_degree_record_incidence_frontier.md,8.701084764378155e-23,2.7190889888681735e-24
"[5,1,5,1]","[1,0,4,1]",12,6,"[1,5,1,5]","[[1,1,1]]",0.03125,1.0,provisional_common_1_over_q_target,unresolved_balanced_frontier,../open_problem_forr4_passive_floor_consolidation_round_3/notes/high_degree_record_incidence_frontier.md,1.7895143277428287e-22,5.59223227419634e-24
"[5,1,5,1]","[1,0,5,0]",12,6,"[1,5,1,5]","[[1,1,1]]",0.03125,1.0,provisional_common_1_over_q_target,unresolved_balanced_frontier,../open_problem_forr4_passive_floor_consolidation_round_3/notes/high_degree_record_incidence_frontier.md,6.223845068139061e-24,1.9449515837934566e-25
"[5,1,5,1]","[1,1,3,1]",12,6,"[1,5,1,5]","[[1,1,1]]",0.03125,1.0,provisional_common_1_over_q_target,unresolved_balanced_frontier,../open_problem_forr4_passive_floor_consolidation_round_3/notes/high_degree_record_incidence_frontier.md,5.056793404164867e-24,1.580247938801521e-25
"[5,1,5,1]","[1,1,4,0]",12,6,"[1,5,1,5]","[[1,1,1]]",0.03125,1.0,provisional_common_1_over_q_target,unresolved_balanced_frontier,../open_problem_forr4_passive_floor_consolidation_round_3/notes/high_degree_record_incidence_frontier.md,0.0024057384510019555,7.517932659381111e-05
"[5,1,5,1]","[2,0,3,1]",12,6,"[1,5,1,5]","[[1,1,1]]",0.03125,1.0,provisional_common_1_over_q_target,unresolved_balanced_frontier,../open_problem_forr4_passive_floor_consolidation_round_3/notes/high_degree_record_incidence_frontier.md,0.0019920386460172516,6.225120768803911e-05
"[5,1,5,1]","[2,0,4,0]",12,6,"[1,5,1,5]","[[1,1,1]]",0.03125,1.0,provisional_common_1_over_q_target,unresolved_balanced_frontier,../open_problem_forr4_passive_floor_consolidation_round_3/notes/high_degree_record_incidence_frontier.md,3.720887378119233e-24,1.1627773056622603e-25
"[5,1,5,1]","[2,1,2,1]",12,6,"[1,5,1,5]","[[1,1,1]]",0.03125,1.0,provisional_common_1_over_q_target,unresolved_balanced_frontier,../open_problem_forr4_passive_floor_consolidation_round_3/notes/high_degree_record_incidence_frontier.md,1.1828633473633628e-23,3.6964479605105087e-25
"[5,1,5,1]","[2,1,3,0]",12,6,"[1,5,1,5]","[[1,1,1]]",0.03125,1.0,provisional_common_1_over_q_target,unresolved_balanced_frontier,../open_problem_forr4_passive_floor_consolidation_round_3/notes/high_degree_record_incidence_frontier.md,2.6630154705541547e-22,8.321923345481734e-24
"[5,1,5,1]","[3,0,2,1]",12,6,"[1,5,1,5]","[[1,1,1]]",0.03125,1.0,provisional_common_1_over_q_target,unresolved_balanced_frontier,../open_problem_forr4_passive_floor_consolidation_round_3/notes/high_degree_record_incidence_frontier.md,2.6630154705541547e-22,8.321923345481734e-24
"[5,1,5,1]","[3,0,3,0]",12,6,"[1,5,1,5]","[[1,1,1]]",0.03125,1.0,provisional_common_1_over_q_target,unresolved_balanced_frontier,../open_problem_forr4_passive_floor_consolidation_round_3/notes/high_degree_record_incidence_frontier.md,1.1828633473633628e-23,3.6964479605105087e-25
"[5,1,5,1]","[3,1,1,1]",12,6,"[1,5,1,5]","[[1,1,1]]",0.03125,1.0,provisional_common_1_over_q_target,unresolved_balanced_frontier,../open_problem_forr4_passive_floor_consolidation_round_3/notes/high_degree_record_incidence_frontier.md,3.720887378119233e-24,1.1627773056622603e-25
"[5,1,5,1]","[3,1,2,0]",12,6,"[1,5,1,5]","[[1,1,1]]",0.03125,1.0,provisional_common_1_over_q_target,unresolved_balanced_frontier,../open_problem_forr4_passive_floor_consolidation_round_3/notes/high_degree_record_incidence_frontier.md,0.0019920386460172516,6.225120768803911e-05
"[5,1,5,1]","[4,0,1,1]",12,6,"[1,5,1,5]","[[1,1,1]]",0.03125,1.0,provisional_common_1_over_q_target,unresolved_balanced_frontier,../open_problem_forr4_passive_floor_consolidation_round_3/notes/high_degree_record_incidence_frontier.md,0.0024057384510019555,7.517932659381111e-05
"[5,1,5,1]","[4,0,2,0]",12,6,"[1,5,1,5]","[[1,1,1]]",0.03125,1.0,provisional_common_1_over_q_target,unresolved_balanced_frontier,../open_problem_forr4_passive_floor_consolidation_round_3/notes/high_degree_record_incidence_frontier.md,5.056793404164867e-24,1.580247938801521e-25
"[5,1,5,1]","[4,1,0,1]",12,6,"[1,5,1,5]","[[1,1,1]]",0.03125,1.0,provisional_common_1_over_q_target,unresolved_balanced_frontier,../open_problem_forr4_passive_floor_consolidation_round_3/notes/high_degree_record_incidence_frontier.md,6.223845068139061e-24,1.9449515837934566e-25
"[5,1,5,1]","[4,1,1,0]",12,6,"[1,5,1,5]","[[1,1,1]]",0.03125,1.0,provisional_common_1_over_q_target,unresolved_balanced_frontier,../open_problem_forr4_passive_floor_consolidation_round_3/notes/high_degree_record_incidence_frontier.md,1.7895143277428287e-22,5.59223227419634e-24
"[5,1,5,1]","[5,0,0,1]",12,6,"[1,5,1,5]","[[1,1,1]]",0.03125,1.0,provisional_common_1_over_q_target,unresolved_balanced_frontier,../open_problem_forr4_passive_floor_consolidation_round_3/notes/high_degree_record_incidence_frontier.md,8.701084764378155e-23,2.7190889888681735e-24
"[5,1,5,1]","[5,0,1,0]",12,6,"[1,5,1,5]","[[1,1,1]]",0.03125,1.0,provisional_common_1_over_q_target,unresolved_balanced_frontier,../open_problem_forr4_passive_floor_consolidation_round_3/notes/high_degree_record_incidence_frontier.md,8.668333644927544e-24,2.7088542640398576e-25
"[5,1,5,1]","[5,1,0,0]",12,6,"[1,5,1,5]","[[1,1,1]]",0.03125,1.0,provisional_common_1_over_q_target,unresolved_balanced_frontier,../open_problem_forr4_passive_floor_consolidation_round_3/notes/high_degree_record_incidence_frontier.md,0.00039310359491620496,1.2284487341131405e-05
"[5,3,1,1]","[0,3,1,1]",10,5,"[1,1,3,5]","[[1,1,1],[3,1,1]]",0.03125,1.0,provisional_common_1_over_q_target,unresolved_balanced_frontier,../open_problem_forr4_passive_floor_consolidation_round_3/notes/high_degree_record_incidence_frontier.md,0.0032982943411432493,0.00010307169816072654
"[5,3,1,1]","[1,2,1,1]",10,5,"[1,1,3,5]","[[1,1,1],[3,1,1]]",0.016272469279635413,0.5207190169483332,proved_arbitrary_upper,adjacent_cubic_slice,../open_problem_forr4_passive_floor_consolidation_round_3/notes/adjacent_balanced_cubic_slice_contraction.md,0.011868142207326998,0.000193123979475073
"[5,3,1,1]","[1,3,0,1]",10,5,"[1,1,3,5]","[[1,1,1],[3,1,1]]",0.03125,1.0,provisional_common_1_over_q_target,unresolved_balanced_frontier,../open_problem_forr4_passive_floor_consolidation_round_3/notes/high_degree_record_incidence_frontier.md,0.0062990257125413555,0.00019684455351691736
"[5,3,1,1]","[1,3,1,0]",10,5,"[1,1,3,5]","[[1,1,1],[3,1,1]]",0.03125,1.0,provisional_common_1_over_q_target,unresolved_balanced_frontier,../open_problem_forr4_passive_floor_consolidation_round_3/notes/high_degree_record_incidence_frontier.md,0.0068018067241250825,0.00021255646012890883
"[5,3,1,1]","[2,1,1,1]",10,5,"[1,1,3,5]","[[1,1,1],[3,1,1]]",0.03125,1.0,provisional_common_1_over_q_target,unresolved_balanced_frontier,../open_problem_forr4_passive_floor_consolidation_round_3/notes/high_degree_record_incidence_frontier.md,0.00597045557398217,0.00018657673668694282
"[5,3,1,1]","[2,2,0,1]",10,5,"[1,1,3,5]","[[1,1,1],[3,1,1]]",0.042241001624907494,1.3517120519970398,proved_arbitrary_upper,adjacent_balanced_row,../open_problem_forr4_passive_floor_consolidation_round_3/notes/adjacent_balanced_row_slice_contraction.md,0.009388002450739116,0.0003965586267763065
"[5,3,1,1]","[2,2,1,0]",10,5,"[1,1,3,5]","[[1,1,1],[3,1,1]]",0.016866245903631352,0.5397198689162033,local_slice_substitution_not_arbitrary_upper,diagnostic_adjacent_slice,../open_problem_forr4_passive_floor_consolidation_round_3/notes/adjacent_cubic_quintic_record_gate.md,0.012065410475303531,0.00020349818000471898
"[5,3,1,1]","[2,3,0,0]",10,5,"[1,1,3,5]","[[1,1,1],[3,1,1]]",0.025091947154681882,0.8029423089498202,proved_arbitrary_upper,whole_cubic_middle_pair,../open_problem_forr4_passive_floor_consolidation_round_3/notes/whole_cubic_middle_pair_contraction.md,0.007662709249272005,0.00019227229554442523
"[5,3,1,1]","[3,0,1,1]",10,5,"[1,1,3,5]","[[1,1,1],[3,1,1]]",0.025091947154681882,0.8029423089498202,proved_arbitrary_upper,whole_cubic_middle_pair,../open_problem_forr4_passive_floor_consolidation_round_3/notes/whole_cubic_middle_pair_contraction.md,0.007662709249272005,0.00019227229554442523
"[5,3,1,1]","[3,1,0,1]",10,5,"[1,1,3,5]","[[1,1,1],[3,1,1]]",0.016866245903631352,0.5397198689162033,local_slice_substitution_not_arbitrary_upper,diagnostic_adjacent_slice,../open_problem_forr4_passive_floor_consolidation_round_3/notes/adjacent_cubic_quintic_record_gate.md,0.012065410475303531,0.00020349818000471898
"[5,3,1,1]","[3,1,1,0]",10,5,"[1,1,3,5]","[[1,1,1],[3,1,1]]",0.042241001624907494,1.3517120519970398,proved_arbitrary_upper,adjacent_balanced_row,../open_problem_forr4_passive_floor_consolidation_round_3/notes/adjacent_balanced_row_slice_contraction.md,0.009388002450739116,0.0003965586267763065
"[5,3,1,1]","[3,2,0,0]",10,5,"[1,1,3,5]","[[1,1,1],[3,1,1]]",0.03125,1.0,provisional_common_1_over_q_target,unresolved_balanced_frontier,../open_problem_forr4_passive_floor_consolidation_round_3/notes/high_degree_record_incidence_frontier.md,0.00597045557398217,0.00018657673668694282
"[5,3,1,1]","[4,0,0,1]",10,5,"[1,1,3,5]","[[1,1,1],[3,1,1]]",0.03125,1.0,provisional_common_1_over_q_target,unresolved_balanced_frontier,../open_problem_forr4_passive_floor_consolidation_round_3/notes/high_degree_record_incidence_frontier.md,0.0068018067241250825,0.00021255646012890883
"[5,3,1,1]","[4,0,1,0]",10,5,"[1,1,3,5]","[[1,1,1],[3,1,1]]",0.03125,1.0,provisional_common_1_over_q_target,unresolved_balanced_frontier,../open_problem_forr4_passive_floor_consolidation_round_3/notes/high_degree_record_incidence_frontier.md,0.0062990257125413555,0.00019684455351691736
"[5,3,1,1]","[4,1,0,0]",10,5,"[1,1,3,5]","[[1,1,1],[3,1,1]]",0.016272469279635413,0.5207190169483332,proved_arbitrary_upper,adjacent_cubic_slice,../open_problem_forr4_passive_floor_consolidation_round_3/notes/adjacent_balanced_cubic_slice_contraction.md,0.011868142207327,0.00019312397947507303
"[5,3,1,1]","[5,0,0,0]",10,5,"[1,1,3,5]","[[1,1,1],[3,1,1]]",0.03125,1.0,provisional_common_1_over_q_target,unresolved_balanced_frontier,../open_problem_forr4_passive_floor_consolidation_round_3/notes/high_degree_record_incidence_frontier.md,0.0032982943411432493,0.00010307169816072654
"[5,3,1,3]","[0,2,1,3]",12,6,"[3,1,3,5]","[[1,1,1],[3,1,1]]",0.03125,1.0,provisional_common_1_over_q_target,unresolved_balanced_frontier,../open_problem_forr4_passive_floor_consolidation_round_3/notes/high_degree_record_incidence_frontier.md,0.0015232879128725927,4.760274727726852e-05
"[5,3,1,3]","[0,3,0,3]",12,6,"[3,1,3,5]","[[1,1,1],[3,1,1]]",0.03125,1.0,provisional_common_1_over_q_target,unresolved_balanced_frontier,../open_problem_forr4_passive_floor_consolidation_round_3/notes/high_degree_record_incidence_frontier.md,5.899866001576223e-24,1.8437081254925698e-25
"[5,3,1,3]","[0,3,1,2]",12,6,"[3,1,3,5]","[[1,1,1],[3,1,1]]",0.03125,1.0,provisional_common_1_over_q_target,unresolved_balanced_frontier,../open_problem_forr4_passive_floor_consolidation_round_3/notes/high_degree_record_incidence_frontier.md,2.2422466915344435e-22,7.007020911045136e-24
"[5,3,1,3]","[1,1,1,3]",12,6,"[3,1,3,5]","[[1,1,1],[3,1,1]]",0.03125,1.0,provisional_common_1_over_q_target,unresolved_balanced_frontier,../open_problem_forr4_passive_floor_consolidation_round_3/notes/high_degree_record_incidence_frontier.md,5.14937309314848e-24,1.6091790916089e-25
"[5,3,1,3]","[1,2,0,3]",12,6,"[3,1,3,5]","[[1,1,1],[3,1,1]]",0.03125,1.0,provisional_common_1_over_q_target,unresolved_balanced_frontier,../open_problem_forr4_passive_floor_consolidation_round_3/notes/high_degree_record_incidence_frontier.md,3.5153698660699164e-22,1.0985530831468489e-23
"[5,3,1,3]","[1,2,1,2]",12,6,"[3,1,3,5]","[[1,1,1],[3,1,1]]",0.03125,1.0,provisional_common_1_over_q_target,unresolved_balanced_frontier,../open_problem_forr4_passive_floor_consolidation_round_3/notes/high_degree_record_incidence_frontier.md,3.0917041948985775e-23,9.661575609058055e-25
"[5,3,1,3]","[1,3,0,2]",12,6,"[3,1,3,5]","[[1,1,1],[3,1,1]]",0.03125,1.0,provisional_common_1_over_q_target,unresolved_balanced_frontier,../open_problem_forr4_passive_floor_consolidation_round_3/notes/high_degree_record_incidence_frontier.md,0.0027051094513190124,8.453467035371914e-05
"[5,3,1,3]","[1,3,1,1]",12,6,"[3,1,3,5]","[[1,1,1],[3,1,1]]",0.03125,1.0,provisional_common_1_over_q_target,unresolved_balanced_frontier,../open_problem_forr4_passive_floor_consolidation_round_3/notes/high_degree_record_incidence_frontier.md,6.779429081311309e-24,2.118571587909784e-25
"[5,3,1,3]","[2,0,1,3]",12,6,"[3,1,3,5]","[[1,1,1],[3,1,1]]",0.03125,1.0,provisional_common_1_over_q_target,unresolved_balanced_frontier,../open_problem_forr4_passive_floor_consolidation_round_3/notes/high_degree_record_incidence_frontier.md,0.0012714521124215915,3.9732878513174735e-05
"[5,3,1,3]","[2,1,0,3]",12,6,"[3,1,3,5]","[[1,1,1],[3,1,1]]",0.03125,1.0,provisional_common_1_over_q_target,unresolved_balanced_frontier,../open_problem_forr4_passive_floor_consolidation_round_3/notes/high_degree_record_incidence_frontier.md,2.2097267689760254e-23,6.905396153050079e-25
"[5,3,1,3]","[2,1,1,2]",12,6,"[3,1,3,5]","[[1,1,1],[3,1,1]]",0.03125,1.0,provisional_common_1_over_q_target,unresolved_balanced_frontier,../open_problem_forr4_passive_floor_consolidation_round_3/notes/high_degree_record_incidence_frontier.md,5.755887508627485e-22,1.7987148464460892e-23
"[5,3,1,3]","[2,2,0,2]",12,6,"[3,1,3,5]","[[1,1,1],[3,1,1]]",0.03125,1.0,provisional_common_1_over_q_target,unresolved_balanced_frontier,../open_problem_forr4_passive_floor_consolidation_round_3/notes/high_degree_record_incidence_frontier.md,1.1987698814934564e-23,3.7461558796670512e-25
"[5,3,1,3]","[2,2,1,1]",12,6,"[3,1,3,5]","[[1,1,1],[3,1,1]]",0.03125,1.0,provisional_common_1_over_q_target,unresolved_balanced_frontier,../open_problem_forr4_passive_floor_consolidation_round_3/notes/high_degree_record_incidence_frontier.md,0.005181476850587266,0.00016192115158085207
"[5,3,1,3]","[2,3,0,1]",12,6,"[3,1,3,5]","[[1,1,1],[3,1,1]]",0.03125,1.0,provisional_common_1_over_q_target,unresolved_balanced_frontier,../open_problem_forr4_passive_floor_consolidation_round_3/notes/high_degree_record_incidence_frontier.md,1.860736153866841e-23,5.814800480833878e-25
"[5,3,1,3]","[2,3,1,0]",12,6,"[3,1,3,5]","[[1,1,1],[3,1,1]]",0.03125,1.0,provisional_common_1_over_q_target,unresolved_balanced_frontier,../open_problem_forr4_passive_floor_consolidation_round_3/notes/high_degree_record_incidence_frontier.md,1.7977154193128844e-22,5.617860685352764e-24
"[5,3,1,3]","[3,0,0,3]",12,6,"[3,1,3,5]","[[1,1,1],[3,1,1]]",0.03125,1.0,provisional_common_1_over_q_target,unresolved_balanced_frontier,../open_problem_forr4_passive_floor_consolidation_round_3/notes/high_degree_record_incidence_frontier.md,1.7977154193128844e-22,5.617860685352764e-24
"[5,3,1,3]","[3,0,1,2]",12,6,"[3,1,3,5]","[[1,1,1],[3,1,1]]",0.03125,1.0,provisional_common_1_over_q_target,unresolved_balanced_frontier,../open_problem_forr4_passive_floor_consolidation_round_3/notes/high_degree_record_incidence_frontier.md,1.860736153866841e-23,5.814800480833878e-25
"[5,3,1,3]","[3,1,0,2]",12,6,"[3,1,3,5]","[[1,1,1],[3,1,1]]",0.03125,1.0,provisional_common_1_over_q_target,unresolved_balanced_frontier,../open_problem_forr4_passive_floor_consolidation_round_3/notes/high_degree_record_incidence_frontier.md,0.005181476850587266,0.00016192115158085207
"[5,3,1,3]","[3,1,1,1]",12,6,"[3,1,3,5]","[[1,1,1],[3,1,1]]",0.03125,1.0,provisional_common_1_over_q_target,unresolved_balanced_frontier,../open_problem_forr4_passive_floor_consolidation_round_3/notes/high_degree_record_incidence_frontier.md,1.1987698814934564e-23,3.7461558796670512e-25
"[5,3,1,3]","[3,2,0,1]",12,6,"[3,1,3,5]","[[1,1,1],[3,1,1]]",0.03125,1.0,provisional_common_1_over_q_target,unresolved_balanced_frontier,../open_problem_forr4_passive_floor_consolidation_round_3/notes/high_degree_record_incidence_frontier.md,5.755887508627485e-22,1.7987148464460892e-23
"[5,3,1,3]","[3,2,1,0]",12,6,"[3,1,3,5]","[[1,1,1],[3,1,1]]",0.03125,1.0,provisional_common_1_over_q_target,unresolved_balanced_frontier,../open_problem_forr4_passive_floor_consolidation_round_3/notes/high_degree_record_incidence_frontier.md,2.2097267689760254e-23,6.905396153050079e-25
"[5,3,1,3]","[3,3,0,0]",12,6,"[3,1,3,5]","[[1,1,1],[3,1,1]]",0.03125,1.0,provisional_common_1_over_q_target,unresolved_balanced_frontier,../open_problem_forr4_passive_floor_consolidation_round_3/notes/high_degree_record_incidence_frontier.md,0.0012714521124215915,3.9732878513174735e-05
"[5,3,1,3]","[4,0,0,2]",12,6,"[3,1,3,5]","[[1,1,1],[3,1,1]]",0.03125,1.0,provisional_common_1_over_q_target,unresolved_balanced_frontier,../open_problem_forr4_passive_floor_consolidation_round_3/notes/high_degree_record_incidence_frontier.md,6.779429081311309e-24,2.118571587909784e-25
"[5,3,1,3]","[4,0,1,1]",12,6,"[3,1,3,5]","[[1,1,1],[3,1,1]]",0.03125,1.0,provisional_common_1_over_q_target,unresolved_balanced_frontier,../open_problem_forr4_passive_floor_consolidation_round_3/notes/high_degree_record_incidence_frontier.md,0.0027051094513190124,8.453467035371914e-05
"[5,3,1,3]","[4,1,0,1]",12,6,"[3,1,3,5]","[[1,1,1],[3,1,1]]",0.03125,1.0,provisional_common_1_over_q_target,unresolved_balanced_frontier,../open_problem_forr4_passive_floor_consolidation_round_3/notes/high_degree_record_incidence_frontier.md,3.0917041948985775e-23,9.661575609058055e-25
"[5,3,1,3]","[4,1,1,0]",12,6,"[3,1,3,5]","[[1,1,1],[3,1,1]]",0.03125,1.0,provisional_common_1_over_q_target,unresolved_balanced_frontier,../open_problem_forr4_passive_floor_consolidation_round_3/notes/high_degree_record_incidence_frontier.md,3.5153698660699164e-22,1.0985530831468489e-23
"[5,3,1,3]","[4,2,0,0]",12,6,"[3,1,3,5]","[[1,1,1],[3,1,1]]",0.03125,1.0,provisional_common_1_over_q_target,unresolved_balanced_frontier,../open_problem_forr4_passive_floor_consolidation_round_3/notes/high_degree_record_incidence_frontier.md,5.14937309314848e-24,1.6091790916089e-25
"[5,3,1,3]","[5,0,0,1]",12,6,"[3,1,3,5]","[[1,1,1],[3,1,1]]",0.03125,1.0,provisional_common_1_over_q_target,unresolved_balanced_frontier,../open_problem_forr4_passive_floor_consolidation_round_3/notes/high_degree_record_incidence_frontier.md,2.2422466915344435e-22,7.007020911045136e-24
"[5,3,1,3]","[5,0,1,0]",12,6,"[3,1,3,5]","[[1,1,1],[3,1,1]]",0.03125,1.0,provisional_common_1_over_q_target,unresolved_balanced_frontier,../open_problem_forr4_passive_floor_consolidation_round_3/notes/high_degree_record_incidence_frontier.md,5.899866001576223e-24,1.8437081254925698e-25
"[5,3,1,3]","[5,1,0,0]",12,6,"[3,1,3,5]","[[1,1,1],[3,1,1]]",0.03125,1.0,provisional_common_1_over_q_target,unresolved_balanced_frontier,../open_problem_forr4_passive_floor_consolidation_round_3/notes/high_degree_record_incidence_frontier.md,0.0015232879128725927,4.760274727726852e-05
"[5,3,3,1]","[0,2,3,1]",12,6,"[1,3,3,5]","[[1,1,1],[1,3,1],[3,1,1],[3,3,1]]",0.03125,1.0,provisional_common_1_over_q_target,unresolved_balanced_frontier,../open_problem_forr4_passive_floor_consolidation_round_3/notes/high_degree_record_incidence_frontier.md,0.0012161109827448014,3.8003468210775044e-05
"[5,3,3,1]","[0,3,2,1]",12,6,"[1,3,3,5]","[[1,1,1],[1,3,1],[3,1,1],[3,3,1]]",0.03125,1.0,provisional_common_1_over_q_target,unresolved_balanced_frontier,../open_problem_forr4_passive_floor_consolidation_round_3/notes/high_degree_record_incidence_frontier.md,1.1467218113191325e-23,3.583505660372289e-25
"[5,3,3,1]","[0,3,3,0]",12,6,"[1,3,3,5]","[[1,1,1],[1,3,1],[3,1,1],[3,3,1]]",0.03125,1.0,provisional_common_1_over_q_target,unresolved_balanced_frontier,../open_problem_forr4_passive_floor_consolidation_round_3/notes/high_degree_record_incidence_frontier.md,1.2397585122650047e-22,3.87424535082814e-24
"[5,3,3,1]","[1,1,3,1]",12,6,"[1,3,3,5]","[[1,1,1],[1,3,1],[3,1,1],[3,3,1]]",0.03125,1.0,provisional_common_1_over_q_target,unresolved_balanced_frontier,../open_problem_forr4_passive_floor_consolidation_round_3/notes/high_degree_record_incidence_frontier.md,3.454081812150013e-24,1.079400566296879e-25
"[5,3,3,1]","[1,2,2,1]",12,6,"[1,3,3,5]","[[1,1,1],[1,3,1],[3,1,1],[3,3,1]]",0.03125,1.0,provisional_common_1_over_q_target,unresolved_balanced_frontier,../open_problem_forr4_passive_floor_consolidation_round_3/notes/high_degree_record_incidence_frontier.md,4.3032004377913e-22,1.3447501368097813e-23
"[5,3,3,1]","[1,2,3,0]",12,6,"[1,3,3,5]","[[1,1,1],[1,3,1],[3,1,1],[3,3,1]]",0.03125,1.0,provisional_common_1_over_q_target,unresolved_balanced_frontier,../open_problem_forr4_passive_floor_consolidation_round_3/notes/high_degree_record_incidence_frontier.md,1.6841212540245475e-23,5.262878918826711e-25
"[5,3,3,1]","[1,3,1,1]",12,6,"[1,3,3,5]","[[1,1,1],[1,3,1],[3,1,1],[3,3,1]]",0.03125,1.0,provisional_common_1_over_q_target,unresolved_balanced_frontier,../open_problem_forr4_passive_floor_consolidation_round_3/notes/high_degree_record_incidence_frontier.md,5.0567943248038325e-24,1.5802482265011977e-25
"[5,3,3,1]","[1,3,2,0]",12,6,"[1,3,3,5]","[[1,1,1],[1,3,1],[3,1,1],[3,3,1]]",0.03125,1.0,provisional_common_1_over_q_target,unresolved_balanced_frontier,../open_problem_forr4_passive_floor_consolidation_round_3/notes/high_degree_record_incidence_frontier.md,0.0029210281867626474,9.128213083633273e-05
"[5,3,3,1]","[2,0,3,1]",12,6,"[1,3,3,5]","[[1,1,1],[1,3,1],[3,1,1],[3,3,1]]",0.03125,1.0,provisional_common_1_over_q_target,unresolved_balanced_frontier,../open_problem_forr4_passive_floor_consolidation_round_3/notes/high_degree_record_incidence_frontier.md,0.0007314277092642262,2.285711591450707e-05
"[5,3,3,1]","[2,1,2,1]",12,6,"[1,3,3,5]","[[1,1,1],[1,3,1],[3,1,1],[3,3,1]]",0.03125,1.0,provisional_common_1_over_q_target,unresolved_balanced_frontier,../open_problem_forr4_passive_floor_consolidation_round_3/notes/high_degree_record_incidence_frontier.md,2.4551696053977833e-23,7.672405016868073e-25
"[5,3,3,1]","[2,1,3,0]",12,6,"[1,3,3,5]","[[1,1,1],[1,3,1],[3,1,1],[3,3,1]]",0.03125,1.0,provisional_common_1_over_q_target,unresolved_balanced_frontier,../open_problem_forr4_passive_floor_consolidation_round_3/notes/high_degree_record_incidence_frontier.md,2.307330095049161e-22,7.210406547028628e-24
"[5,3,3,1]","[2,2,1,1]",12,6,"[1,3,3,5]","[[1,1,1],[1,3,1],[3,1,1],[3,3,1]]",0.03125,1.0,provisional_common_1_over_q_target,unresolved_balanced_frontier,../open_problem_forr4_passive_floor_consolidation_round_3/notes/high_degree_record_incidence_frontier.md,0.004031667009699272,0.00012598959405310224
"[5,3,3,1]","[2,2,2,0]",12,6,"[1,3,3,5]","[[1,1,1],[1,3,1],[3,1,1],[3,3,1]]",0.03125,1.0,provisional_common_1_over_q_target,unresolved_balanced_frontier,../open_problem_forr4_passive_floor_consolidation_round_3/notes/high_degree_record_incidence_frontier.md,1.0031442125997558e-23,3.134825664374237e-25
"[5,3,3,1]","[2,3,0,1]",12,6,"[1,3,3,5]","[[1,1,1],[1,3,1],[3,1,1],[3,3,1]]",0.03125,1.0,provisional_common_1_over_q_target,unresolved_balanced_frontier,../open_problem_forr4_passive_floor_consolidation_round_3/notes/high_degree_record_incidence_frontier.md,5.794125719430268e-24,1.8106642873219587e-25
"[5,3,3,1]","[2,3,1,0]",12,6,"[1,3,3,5]","[[1,1,1],[1,3,1],[3,1,1],[3,3,1]]",0.03125,1.0,provisional_common_1_over_q_target,unresolved_balanced_frontier,../open_problem_forr4_passive_floor_consolidation_round_3/notes/high_degree_record_incidence_frontier.md,2.4614196346321367e-22,7.691936358225427e-24
"[5,3,3,1]","[3,0,2,1]",12,6,"[1,3,3,5]","[[1,1,1],[1,3,1],[3,1,1],[3,3,1]]",0.03125,1.0,provisional_common_1_over_q_target,unresolved_balanced_frontier,../open_problem_forr4_passive_floor_consolidation_round_3/notes/high_degree_record_incidence_frontier.md,2.4614196346321367e-22,7.691936358225427e-24
"[5,3,3,1]","[3,0,3,0]",12,6,"[1,3,3,5]","[[1,1,1],[1,3,1],[3,1,1],[3,3,1]]",0.03125,1.0,provisional_common_1_over_q_target,unresolved_balanced_frontier,../open_problem_forr4_passive_floor_consolidation_round_3/notes/high_degree_record_incidence_frontier.md,5.794125719430268e-24,1.8106642873219587e-25
"[5,3,3,1]","[3,1,1,1]",12,6,"[1,3,3,5]","[[1,1,1],[1,3,1],[3,1,1],[3,3,1]]",0.03125,1.0,provisional_common_1_over_q_target,unresolved_balanced_frontier,../open_problem_forr4_passive_floor_consolidation_round_3/notes/high_degree_record_incidence_frontier.md,1.0031442125997558e-23,3.134825664374237e-25
"[5,3,3,1]","[3,1,2,0]",12,6,"[1,3,3,5]","[[1,1,1],[1,3,1],[3,1,1],[3,3,1]]",0.03125,1.0,provisional_common_1_over_q_target,unresolved_balanced_frontier,../open_problem_forr4_passive_floor_consolidation_round_3/notes/high_degree_record_incidence_frontier.md,0.004031667009699272,0.00012598959405310224
"[5,3,3,1]","[3,2,0,1]",12,6,"[1,3,3,5]","[[1,1,1],[1,3,1],[3,1,1],[3,3,1]]",0.03125,1.0,provisional_common_1_over_q_target,unresolved_balanced_frontier,../open_problem_forr4_passive_floor_consolidation_round_3/notes/high_degree_record_incidence_frontier.md,2.307330095049161e-22,7.210406547028628e-24
"[5,3,3,1]","[3,2,1,0]",12,6,"[1,3,3,5]","[[1,1,1],[1,3,1],[3,1,1],[3,3,1]]",0.03125,1.0,provisional_common_1_over_q_target,unresolved_balanced_frontier,../open_problem_forr4_passive_floor_consolidation_round_3/notes/high_degree_record_incidence_frontier.md,2.4551696053977833e-23,7.672405016868073e-25
"[5,3,3,1]","[3,3,0,0]",12,6,"[1,3,3,5]","[[1,1,1],[1,3,1],[3,1,1],[3,3,1]]",0.03125,1.0,provisional_common_1_over_q_target,unresolved_balanced_frontier,../open_problem_forr4_passive_floor_consolidation_round_3/notes/high_degree_record_incidence_frontier.md,0.0007314277092642262,2.285711591450707e-05
"[5,3,3,1]","[4,0,1,1]",12,6,"[1,3,3,5]","[[1,1,1],[1,3,1],[3,1,1],[3,3,1]]",0.03125,1.0,provisional_common_1_over_q_target,unresolved_balanced_frontier,../open_problem_forr4_passive_floor_consolidation_round_3/notes/high_degree_record_incidence_frontier.md,0.0029210281867626474,9.128213083633273e-05
"[5,3,3,1]","[4,0,2,0]",12,6,"[1,3,3,5]","[[1,1,1],[1,3,1],[3,1,1],[3,3,1]]",0.03125,1.0,provisional_common_1_over_q_target,unresolved_balanced_frontier,../open_problem_forr4_passive_floor_consolidation_round_3/notes/high_degree_record_incidence_frontier.md,5.0567943248038325e-24,1.5802482265011977e-25
"[5,3,3,1]","[4,1,0,1]",12,6,"[1,3,3,5]","[[1,1,1],[1,3,1],[3,1,1],[3,3,1]]",0.03125,1.0,provisional_common_1_over_q_target,unresolved_balanced_frontier,../open_problem_forr4_passive_floor_consolidation_round_3/notes/high_degree_record_incidence_frontier.md,1.6841212540245475e-23,5.262878918826711e-25
"[5,3,3,1]","[4,1,1,0]",12,6,"[1,3,3,5]","[[1,1,1],[1,3,1],[3,1,1],[3,3,1]]",0.03125,1.0,provisional_common_1_over_q_target,unresolved_balanced_frontier,../open_problem_forr4_passive_floor_consolidation_round_3/notes/high_degree_record_incidence_frontier.md,4.3032004377913e-22,1.3447501368097813e-23
"[5,3,3,1]","[4,2,0,0]",12,6,"[1,3,3,5]","[[1,1,1],[1,3,1],[3,1,1],[3,3,1]]",0.03125,1.0,provisional_common_1_over_q_target,unresolved_balanced_frontier,../open_problem_forr4_passive_floor_consolidation_round_3/notes/high_degree_record_incidence_frontier.md,3.454081812150013e-24,1.079400566296879e-25
"[5,3,3,1]","[5,0,0,1]",12,6,"[1,3,3,5]","[[1,1,1],[1,3,1],[3,1,1],[3,3,1]]",0.03125,1.0,provisional_common_1_over_q_target,unresolved_balanced_frontier,../open_problem_forr4_passive_floor_consolidation_round_3/notes/high_degree_record_incidence_frontier.md,1.2397585122650047e-22,3.87424535082814e-24
"[5,3,3,1]","[5,0,1,0]",12,6,"[1,3,3,5]","[[1,1,1],[1,3,1],[3,1,1],[3,3,1]]",0.03125,1.0,provisional_common_1_over_q_target,unresolved_balanced_frontier,../open_problem_forr4_passive_floor_consolidation_round_3/notes/high_degree_record_incidence_frontier.md,1.1467218113191325e-23,3.583505660372289e-25
"[5,3,3,1]","[5,1,0,0]",12,6,"[1,3,3,5]","[[1,1,1],[1,3,1],[3,1,1],[3,3,1]]",0.03125,1.0,provisional_common_1_over_q_target,unresolved_balanced_frontier,../open_problem_forr4_passive_floor_consolidation_round_3/notes/high_degree_record_incidence_frontier.md,0.0012161109827448014,3.8003468210775044e-05
"[5,5,1,1]","[0,4,1,1]",12,6,"[1,1,5,5]","[[1,1,1],[3,1,1],[5,1,1]]",0.03125,1.0,provisional_common_1_over_q_target,unresolved_balanced_frontier,../open_problem_forr4_passive_floor_consolidation_round_3/notes/high_degree_record_incidence_frontier.md,0.0010015805274092256,3.12993914815383e-05
"[5,5,1,1]","[0,5,0,1]",12,6,"[1,1,5,5]","[[1,1,1],[3,1,1],[5,1,1]]",0.03125,1.0,provisional_common_1_over_q_target,unresolved_balanced_frontier,../open_problem_forr4_passive_floor_consolidation_round_3/notes/high_degree_record_incidence_frontier.md,4.2378303434269175e-24,1.3243219823209117e-25
"[5,5,1,1]","[0,5,1,0]",12,6,"[1,1,5,5]","[[1,1,1],[3,1,1],[5,1,1]]",0.03125,1.0,provisional_common_1_over_q_target,unresolved_balanced_frontier,../open_problem_forr4_passive_floor_consolidation_round_3/notes/high_degree_record_incidence_frontier.md,8.701088537947129e-23,2.7190901681084777e-24
"[5,5,1,1]","[1,3,1,1]",12,6,"[1,1,5,5]","[[1,1,1],[3,1,1],[5,1,1]]",0.03125,1.0,provisional_common_1_over_q_target,unresolved_balanced_frontier,../open_problem_forr4_passive_floor_consolidation_round_3/notes/high_degree_record_incidence_frontier.md,3.454082440999572e-24,1.0794007628123664e-25
"[5,5,1,1]","[1,4,0,1]",12,6,"[1,1,5,5]","[[1,1,1],[3,1,1],[5,1,1]]",0.03125,1.0,provisional_common_1_over_q_target,unresolved_balanced_frontier,../open_problem_forr4_passive_floor_consolidation_round_3/notes/high_degree_record_incidence_frontier.md,1.789513432952993e-22,5.592229477978103e-24
"[5,5,1,1]","[1,4,1,0]",12,6,"[1,1,5,5]","[[1,1,1],[3,1,1],[5,1,1]]",0.03125,1.0,provisional_common_1_over_q_target,unresolved_balanced_frontier,../open_problem_forr4_passive_floor_consolidation_round_3/notes/high_degree_record_incidence_frontier.md,1.2730666687598325e-23,3.9783333398744766e-25
"[5,5,1,1]","[1,5,0,0]",12,6,"[1,1,5,5]","[[1,1,1],[3,1,1],[5,1,1]]",0.03125,1.0,provisional_common_1_over_q_target,unresolved_balanced_frontier,../open_problem_forr4_passive_floor_consolidation_round_3/notes/high_degree_record_incidence_frontier.md,0.0009442120804437481,2.9506627513867127e-05
"[5,5,1,1]","[2,2,1,1]",12,6,"[1,1,5,5]","[[1,1,1],[3,1,1],[5,1,1]]",0.03125,1.0,provisional_common_1_over_q_target,unresolved_balanced_frontier,../open_problem_forr4_passive_floor_consolidation_round_3/notes/high_degree_record_incidence_frontier.md,0.001480329195076747,4.626028734614834e-05
"[5,5,1,1]","[2,3,0,1]",12,6,"[1,1,5,5]","[[1,1,1],[3,1,1],[5,1,1]]",0.03125,1.0,provisional_common_1_over_q_target,unresolved_balanced_frontier,../open_problem_forr4_passive_floor_consolidation_round_3/notes/high_degree_record_incidence_frontier.md,1.2026377677445118e-23,3.7582430242015995e-25
"[5,5,1,1]","[2,3,1,0]",12,6,"[1,1,5,5]","[[1,1,1],[3,1,1],[5,1,1]]",0.03125,1.0,provisional_common_1_over_q_target,unresolved_balanced_frontier,../open_problem_forr4_passive_floor_consolidation_round_3/notes/high_degree_record_incidence_frontier.md,2.132660385314929e-22,6.664563704109153e-24
"[5,5,1,1]","[2,4,0,0]",12,6,"[1,1,5,5]","[[1,1,1],[3,1,1],[5,1,1]]",0.03125,1.0,provisional_common_1_over_q_target,unresolved_balanced_frontier,../open_problem_forr4_passive_floor_consolidation_round_3/notes/high_degree_record_incidence_frontier.md,3.352052546069051e-24,1.0475164206465784e-25
"[5,5,1,1]","[3,1,1,1]",12,6,"[1,1,5,5]","[[1,1,1],[3,1,1],[5,1,1]]",0.03125,1.0,provisional_common_1_over_q_target,unresolved_balanced_frontier,../open_problem_forr4_passive_floor_consolidation_round_3/notes/high_degree_record_incidence_frontier.md,3.352052546069051e-24,1.0475164206465784e-25
"[5,5,1,1]","[3,2,0,1]",12,6,"[1,1,5,5]","[[1,1,1],[3,1,1],[5,1,1]]",0.03125,1.0,provisional_common_1_over_q_target,unresolved_balanced_frontier,../open_problem_forr4_passive_floor_consolidation_round_3/notes/high_degree_record_incidence_frontier.md,2.132660385314929e-22,6.664563704109153e-24
"[5,5,1,1]","[3,2,1,0]",12,6,"[1,1,5,5]","[[1,1,1],[3,1,1],[5,1,1]]",0.03125,1.0,provisional_common_1_over_q_target,unresolved_balanced_frontier,../open_problem_forr4_passive_floor_consolidation_round_3/notes/high_degree_record_incidence_frontier.md,1.2026377677445118e-23,3.7582430242015995e-25
"[5,5,1,1]","[3,3,0,0]",12,6,"[1,1,5,5]","[[1,1,1],[3,1,1],[5,1,1]]",0.03125,1.0,provisional_common_1_over_q_target,unresolved_balanced_frontier,../open_problem_forr4_passive_floor_consolidation_round_3/notes/high_degree_record_incidence_frontier.md,0.001480329195076747,4.626028734614834e-05
"[5,5,1,1]","[4,0,1,1]",12,6,"[1,1,5,5]","[[1,1,1],[3,1,1],[5,1,1]]",0.03125,1.0,provisional_common_1_over_q_target,unresolved_balanced_frontier,../open_problem_forr4_passive_floor_consolidation_round_3/notes/high_degree_record_incidence_frontier.md,0.0009442120804437481,2.9506627513867127e-05
"[5,5,1,1]","[4,1,0,1]",12,6,"[1,1,5,5]","[[1,1,1],[3,1,1],[5,1,1]]",0.03125,1.0,provisional_common_1_over_q_target,unresolved_balanced_frontier,../open_problem_forr4_passive_floor_consolidation_round_3/notes/high_degree_record_incidence_frontier.md,1.2730666687598325e-23,3.9783333398744766e-25
"[5,5,1,1]","[4,1,1,0]",12,6,"[1,1,5,5]","[[1,1,1],[3,1,1],[5,1,1]]",0.03125,1.0,provisional_common_1_over_q_target,unresolved_balanced_frontier,../open_problem_forr4_passive_floor_consolidation_round_3/notes/high_degree_record_incidence_frontier.md,1.789513432952993e-22,5.592229477978103e-24
"[5,5,1,1]","[4,2,0,0]",12,6,"[1,1,5,5]","[[1,1,1],[3,1,1],[5,1,1]]",0.03125,1.0,provisional_common_1_over_q_target,unresolved_balanced_frontier,../open_problem_forr4_passive_floor_consolidation_round_3/notes/high_degree_record_incidence_frontier.md,3.454082440999572e-24,1.0794007628123664e-25
"[5,5,1,1]","[5,0,0,1]",12,6,"[1,1,5,5]","[[1,1,1],[3,1,1],[5,1,1]]",0.03125,1.0,provisional_common_1_over_q_target,unresolved_balanced_frontier,../open_problem_forr4_passive_floor_consolidation_round_3/notes/high_degree_record_incidence_frontier.md,8.701088537947129e-23,2.7190901681084777e-24
"[5,5,1,1]","[5,0,1,0]",12,6,"[1,1,5,5]","[[1,1,1],[3,1,1],[5,1,1]]",0.03125,1.0,provisional_common_1_over_q_target,unresolved_balanced_frontier,../open_problem_forr4_passive_floor_consolidation_round_3/notes/high_degree_record_incidence_frontier.md,4.2378303434269175e-24,1.3243219823209117e-25
"[5,5,1,1]","[5,1,0,0]",12,6,"[1,1,5,5]","[[1,1,1],[3,1,1],[5,1,1]]",0.03125,1.0,provisional_common_1_over_q_target,unresolved_balanced_frontier,../open_problem_forr4_passive_floor_consolidation_round_3/notes/high_degree_record_incidence_frontier.md,0.0010015805274092256,3.12993914815383e-05
"[7,1,1,3]","[1,1,1,3]",12,6,"[3,1,1,7]","[[1,1,1]]",0.03125,1.0,provisional_common_1_over_q_target,unresolved_balanced_frontier,../open_problem_forr4_passive_floor_consolidation_round_3/notes/high_degree_record_incidence_frontier.md,3.8203984137351865e-24,1.1938745042922458e-25
"[7,1,1,3]","[2,0,1,3]",12,6,"[3,1,1,7]","[[1,1,1]]",0.03125,1.0,provisional_common_1_over_q_target,unresolved_balanced_frontier,../open_problem_forr4_passive_floor_consolidation_round_3/notes/high_degree_record_incidence_frontier.md,0.0019577214681520717,6.117879587975224e-05
"[7,1,1,3]","[2,1,0,3]",12,6,"[3,1,1,7]","[[1,1,1]]",0.03125,1.0,provisional_common_1_over_q_target,unresolved_balanced_frontier,../open_problem_forr4_passive_floor_consolidation_round_3/notes/high_degree_record_incidence_frontier.md,1.8946913369371535e-23,5.920910427928605e-25
"[7,1,1,3]","[2,1,1,2]",12,6,"[3,1,1,7]","[[1,1,1]]",0.03125,1.0,provisional_common_1_over_q_target,unresolved_balanced_frontier,../open_problem_forr4_passive_floor_consolidation_round_3/notes/high_degree_record_incidence_frontier.md,5.593532031634945e-22,1.7479787598859202e-23
"[7,1,1,3]","[3,0,0,3]",12,6,"[3,1,1,7]","[[1,1,1]]",0.03125,1.0,provisional_common_1_over_q_target,unresolved_balanced_frontier,../open_problem_forr4_passive_floor_consolidation_round_3/notes/high_degree_record_incidence_frontier.md,2.5674756650032103e-22,8.023361453135032e-24
"[7,1,1,3]","[3,0,1,2]",12,6,"[3,1,1,7]","[[1,1,1]]",0.03125,1.0,provisional_common_1_over_q_target,unresolved_balanced_frontier,../open_problem_forr4_passive_floor_consolidation_round_3/notes/high_degree_record_incidence_frontier.md,2.782617825400943e-23,8.695680704377947e-25
"[7,1,1,3]","[3,1,0,2]",12,6,"[3,1,1,7]","[[1,1,1]]",0.03125,1.0,provisional_common_1_over_q_target,unresolved_balanced_frontier,../open_problem_forr4_passive_floor_consolidation_round_3/notes/high_degree_record_incidence_frontier.md,0.00470233364507208,0.0001469479264085025
"[7,1,1,3]","[3,1,1,1]",12,6,"[3,1,1,7]","[[1,1,1]]",0.03125,1.0,provisional_common_1_over_q_target,unresolved_balanced_frontier,../open_problem_forr4_passive_floor_consolidation_round_3/notes/high_degree_record_incidence_frontier.md,1.0106828155898786e-23,3.1583837987183706e-25
"[7,1,1,3]","[4,0,0,2]",12,6,"[3,1,1,7]","[[1,1,1]]",0.03125,1.0,provisional_common_1_over_q_target,unresolved_balanced_frontier,../open_problem_forr4_passive_floor_consolidation_round_3/notes/high_degree_record_incidence_frontier.md,1.0106828155898786e-23,3.1583837987183706e-25
"[7,1,1,3]","[4,0,1,1]",12,6,"[3,1,1,7]","[[1,1,1]]",0.03125,1.0,provisional_common_1_over_q_target,unresolved_balanced_frontier,../open_problem_forr4_passive_floor_consolidation_round_3/notes/high_degree_record_incidence_frontier.md,0.00470233364507208,0.0001469479264085025
"[7,1,1,3]","[4,1,0,1]",12,6,"[3,1,1,7]","[[1,1,1]]",0.03125,1.0,provisional_common_1_over_q_target,unresolved_balanced_frontier,../open_problem_forr4_passive_floor_consolidation_round_3/notes/high_degree_record_incidence_frontier.md,2.782617825400943e-23,8.695680704377947e-25
"[7,1,1,3]","[4,1,1,0]",12,6,"[3,1,1,7]","[[1,1,1]]",0.03125,1.0,provisional_common_1_over_q_target,unresolved_balanced_frontier,../open_problem_forr4_passive_floor_consolidation_round_3/notes/high_degree_record_incidence_frontier.md,2.5674756650032103e-22,8.023361453135032e-24
"[7,1,1,3]","[5,0,0,1]",12,6,"[3,1,1,7]","[[1,1,1]]",0.03125,1.0,provisional_common_1_over_q_target,unresolved_balanced_frontier,../open_problem_forr4_passive_floor_consolidation_round_3/notes/high_degree_record_incidence_frontier.md,5.593532031634945e-22,1.7479787598859202e-23
"[7,1,1,3]","[5,0,1,0]",12,6,"[3,1,1,7]","[[1,1,1]]",0.03125,1.0,provisional_common_1_over_q_target,unresolved_balanced_frontier,../open_problem_forr4_passive_floor_consolidation_round_3/notes/high_degree_record_incidence_frontier.md,1.8946913369371535e-23,5.920910427928605e-25
"[7,1,1,3]","[5,1,0,0]",12,6,"[3,1,1,7]","[[1,1,1]]",0.03125,1.0,provisional_common_1_over_q_target,unresolved_balanced_frontier,../open_problem_forr4_passive_floor_consolidation_round_3/notes/high_degree_record_incidence_frontier.md,0.0019577214681520717,6.117879587975224e-05
"[7,1,1,3]","[6,0,0,0]",12,6,"[3,1,1,7]","[[1,1,1]]",0.03125,1.0,provisional_common_1_over_q_target,unresolved_balanced_frontier,../open_problem_forr4_passive_floor_consolidation_round_3/notes/high_degree_record_incidence_frontier.md,3.8203984137351865e-24,1.1938745042922458e-25
"[7,1,3,1]","[1,1,3,1]",12,6,"[1,3,1,7]","[[1,1,1]]",0.03125,1.0,provisional_common_1_over_q_target,unresolved_balanced_frontier,../open_problem_forr4_passive_floor_consolidation_round_3/notes/high_degree_record_incidence_frontier.md,2.562635963124796e-24,8.008237384764988e-26
"[7,1,3,1]","[2,0,3,1]",12,6,"[1,3,1,7]","[[1,1,1]]",0.03125,1.0,provisional_common_1_over_q_target,unresolved_balanced_frontier,../open_problem_forr4_passive_floor_consolidation_round_3/notes/high_degree_record_incidence_frontier.md,0.001126217586048623,3.5194299564019467e-05
"[7,1,3,1]","[2,1,2,1]",12,6,"[1,3,1,7]","[[1,1,1]]",0.03125,1.0,provisional_common_1_over_q_target,unresolved_balanced_frontier,../open_problem_forr4_passive_floor_consolidation_round_3/notes/high_degree_record_incidence_frontier.md,2.1051419783515596e-23,6.578568682348624e-25
"[7,1,3,1]","[2,1,3,0]",12,6,"[1,3,1,7]","[[1,1,1]]",0.03125,1.0,provisional_common_1_over_q_target,unresolved_balanced_frontier,../open_problem_forr4_passive_floor_consolidation_round_3/notes/high_degree_record_incidence_frontier.md,2.242247572571185e-22,7.007023664284953e-24
"[7,1,3,1]","[3,0,2,1]",12,6,"[1,3,1,7]","[[1,1,1]]",0.03125,1.0,provisional_common_1_over_q_target,unresolved_balanced_frontier,../open_problem_forr4_passive_floor_consolidation_round_3/notes/high_degree_record_incidence_frontier.md,3.515370088828947e-22,1.098553152759046e-23
"[7,1,3,1]","[3,0,3,0]",12,6,"[1,3,1,7]","[[1,1,1]]",0.03125,1.0,provisional_common_1_over_q_target,unresolved_balanced_frontier,../open_problem_forr4_passive_floor_consolidation_round_3/notes/high_degree_record_incidence_frontier.md,8.66476285527933e-24,2.7077383922747907e-25
"[7,1,3,1]","[3,1,1,1]",12,6,"[1,3,1,7]","[[1,1,1]]",0.03125,1.0,provisional_common_1_over_q_target,unresolved_balanced_frontier,../open_problem_forr4_passive_floor_consolidation_round_3/notes/high_degree_record_incidence_frontier.md,7.53871021402159e-24,2.3558469418817467e-25
"[7,1,3,1]","[3,1,2,0]",12,6,"[1,3,1,7]","[[1,1,1]]",0.03125,1.0,provisional_common_1_over_q_target,unresolved_balanced_frontier,../open_problem_forr4_passive_floor_consolidation_round_3/notes/high_degree_record_incidence_frontier.md,0.003658849392193523,0.00011433904350604759
"[7,1,3,1]","[4,0,1,1]",12,6,"[1,3,1,7]","[[1,1,1]]",0.03125,1.0,provisional_common_1_over_q_target,unresolved_balanced_frontier,../open_problem_forr4_passive_floor_consolidation_round_3/notes/high_degree_record_incidence_frontier.md,0.003658849392193523,0.00011433904350604759
"[7,1,3,1]","[4,0,2,0]",12,6,"[1,3,1,7]","[[1,1,1]]",0.03125,1.0,provisional_common_1_over_q_target,unresolved_balanced_frontier,../open_problem_forr4_passive_floor_consolidation_round_3/notes/high_degree_record_incidence_frontier.md,7.53871021402159e-24,2.3558469418817467e-25
"[7,1,3,1]","[4,1,0,1]",12,6,"[1,3,1,7]","[[1,1,1]]",0.03125,1.0,provisional_common_1_over_q_target,unresolved_balanced_frontier,../open_problem_forr4_passive_floor_consolidation_round_3/notes/high_degree_record_incidence_frontier.md,8.66476285527933e-24,2.7077383922747907e-25
"[7,1,3,1]","[4,1,1,0]",12,6,"[1,3,1,7]","[[1,1,1]]",0.03125,1.0,provisional_common_1_over_q_target,unresolved_balanced_frontier,../open_problem_forr4_passive_floor_consolidation_round_3/notes/high_degree_record_incidence_frontier.md,3.515370088828947e-22,1.098553152759046e-23
"[7,1,3,1]","[5,0,0,1]",12,6,"[1,3,1,7]","[[1,1,1]]",0.03125,1.0,provisional_common_1_over_q_target,unresolved_balanced_frontier,../open_problem_forr4_passive_floor_consolidation_round_3/notes/high_degree_record_incidence_frontier.md,2.242247572571185e-22,7.007023664284953e-24
"[7,1,3,1]","[5,0,1,0]",12,6,"[1,3,1,7]","[[1,1,1]]",0.03125,1.0,provisional_common_1_over_q_target,unresolved_balanced_frontier,../open_problem_forr4_passive_floor_consolidation_round_3/notes/high_degree_record_incidence_frontier.md,2.1051419783515596e-23,6.578568682348624e-25
"[7,1,3,1]","[5,1,0,0]",12,6,"[1,3,1,7]","[[1,1,1]]",0.03125,1.0,provisional_common_1_over_q_target,unresolved_balanced_frontier,../open_problem_forr4_passive_floor_consolidation_round_3/notes/high_degree_record_incidence_frontier.md,0.001126217586048623,3.5194299564019467e-05
"[7,1,3,1]","[6,0,0,0]",12,6,"[1,3,1,7]","[[1,1,1]]",0.03125,1.0,provisional_common_1_over_q_target,unresolved_balanced_frontier,../open_problem_forr4_passive_floor_consolidation_round_3/notes/high_degree_record_incidence_frontier.md,2.562635963124796e-24,8.008237384764988e-26
"[7,3,1,1]","[1,3,1,1]",12,6,"[1,1,3,7]","[[1,1,1],[3,1,1]]",0.03125,1.0,provisional_common_1_over_q_target,unresolved_balanced_frontier,../open_problem_forr4_passive_floor_consolidation_round_3/notes/high_degree_record_incidence_frontier.md,2.562636429677873e-24,8.008238842743354e-26
"[7,3,1,1]","[2,2,1,1]",12,6,"[1,1,3,7]","[[1,1,1],[3,1,1]]",0.03125,1.0,provisional_common_1_over_q_target,unresolved_balanced_frontier,../open_problem_forr4_passive_floor_consolidation_round_3/notes/high_degree_record_incidence_frontier.md,0.002279340461839645,7.12293894324889e-05
"[7,3,1,1]","[2,3,0,1]",12,6,"[1,1,3,7]","[[1,1,1],[3,1,1]]",0.03125,1.0,provisional_common_1_over_q_target,unresolved_balanced_frontier,../open_problem_forr4_passive_floor_consolidation_round_3/notes/high_degree_record_incidence_frontier.md,1.0311805930082778e-23,3.222439353150868e-25
"[7,3,1,1]","[2,3,1,0]",12,6,"[1,1,3,7]","[[1,1,1],[3,1,1]]",0.03125,1.0,provisional_common_1_over_q_target,unresolved_balanced_frontier,../open_problem_forr4_passive_floor_consolidation_round_3/notes/high_degree_record_incidence_frontier.md,2.0725047457889807e-22,6.476577330590565e-24
"[7,3,1,1]","[3,1,1,1]",12,6,"[1,1,3,7]","[[1,1,1],[3,1,1]]",0.03125,1.0,provisional_common_1_over_q_target,unresolved_balanced_frontier,../open_problem_forr4_passive_floor_consolidation_round_3/notes/high_degree_record_incidence_frontier.md,5.149374268657099e-24,1.6091794589553433e-25
"[7,3,1,1]","[3,2,0,1]",12,6,"[1,1,3,7]","[[1,1,1],[3,1,1]]",0.03125,1.0,provisional_common_1_over_q_target,unresolved_balanced_frontier,../open_problem_forr4_passive_floor_consolidation_round_3/notes/high_degree_record_incidence_frontier.md,3.0458400602167016e-22,9.518250188177193e-24
"[7,3,1,1]","[3,2,1,0]",12,6,"[1,1,3,7]","[[1,1,1],[3,1,1]]",0.03125,1.0,provisional_common_1_over_q_target,unresolved_balanced_frontier,../open_problem_forr4_passive_floor_consolidation_round_3/notes/high_degree_record_incidence_frontier.md,1.7984716871717007e-23,5.620224022411565e-25
"[7,3,1,1]","[3,3,0,0]",12,6,"[1,1,3,7]","[[1,1,1],[3,1,1]]",0.03125,1.0,provisional_common_1_over_q_target,unresolved_balanced_frontier,../open_problem_forr4_passive_floor_consolidation_round_3/notes/high_degree_record_incidence_frontier.md,0.0013434397142974596,4.198249107179561e-05
"[7,3,1,1]","[4,0,1,1]",12,6,"[1,1,3,7]","[[1,1,1],[3,1,1]]",0.03125,1.0,provisional_common_1_over_q_target,unresolved_balanced_frontier,../open_problem_forr4_passive_floor_consolidation_round_3/notes/high_degree_record_incidence_frontier.md,0.0013434397142974596,4.198249107179561e-05
"[7,3,1,1]","[4,1,0,1]",12,6,"[1,1,3,7]","[[1,1,1],[3,1,1]]",0.03125,1.0,provisional_common_1_over_q_target,unresolved_balanced_frontier,../open_problem_forr4_passive_floor_consolidation_round_3/notes/high_degree_record_incidence_frontier.md,1.7984716871717007e-23,5.620224022411565e-25
"[7,3,1,1]","[4,1,1,0]",12,6,"[1,1,3,7]","[[1,1,1],[3,1,1]]",0.03125,1.0,provisional_common_1_over_q_target,unresolved_balanced_frontier,../open_problem_forr4_passive_floor_consolidation_round_3/notes/high_degree_record_incidence_frontier.md,3.0458400602167016e-22,9.518250188177193e-24
"[7,3,1,1]","[4,2,0,0]",12,6,"[1,1,3,7]","[[1,1,1],[3,1,1]]",0.03125,1.0,provisional_common_1_over_q_target,unresolved_balanced_frontier,../open_problem_forr4_passive_floor_consolidation_round_3/notes/high_degree_record_incidence_frontier.md,5.149374268657099e-24,1.6091794589553433e-25
"[7,3,1,1]","[5,0,0,1]",12,6,"[1,1,3,7]","[[1,1,1],[3,1,1]]",0.03125,1.0,provisional_common_1_over_q_target,unresolved_balanced_frontier,../open_problem_forr4_passive_floor_consolidation_round_3/notes/high_degree_record_incidence_frontier.md,2.0725047457889807e-22,6.476577330590565e-24
"[7,3,1,1]","[5,0,1,0]",12,6,"[1,1,3,7]","[[1,1,1],[3,1,1]]",0.03125,1.0,provisional_common_1_over_q_target,unresolved_balanced_frontier,../open_problem_forr4_passive_floor_consolidation_round_3/notes/high_degree_record_incidence_frontier.md,1.0311805930082778e-23,3.222439353150868e-25
"[7,3,1,1]","[5,1,0,0]",12,6,"[1,1,3,7]","[[1,1,1],[3,1,1]]",0.03125,1.0,provisional_common_1_over_q_target,unresolved_balanced_frontier,../open_problem_forr4_passive_floor_consolidation_round_3/notes/high_degree_record_incidence_frontier.md,0.002279340461839645,7.12293894324889e-05
"[7,3,1,1]","[6,0,0,0]",12,6,"[1,1,3,7]","[[1,1,1],[3,1,1]]",0.03125,1.0,provisional_common_1_over_q_target,unresolved_balanced_frontier,../open_problem_forr4_passive_floor_consolidation_round_3/notes/high_degree_record_incidence_frontier.md,2.562636429677873e-24,8.008238842743354e-26
